Cafe,Summary Style,Summary Similarity,Keyword Style,Keyword Similarity
글리터,미니멀,0.9333297610282898,시티보이,0.9929153919219971
글리터,캐주얼,0.9231312274932861,고프코어,0.9916030168533325
글리터,걸리시,0.9220477938652039,로맨틱,0.9903833866119385
글리터,고프코어,0.9184556603431702,레트로,0.988727867603302
글리터,시티보이,0.9093900322914124,미니멀,0.9872077107429504
글리터,레트로,0.9054678082466125,걸리시,0.9832471609115601
글리터,로맨틱,0.9050160646438599,스포티,0.9826940894126892
글리터,클래식,0.889894962310791,스트릿,0.9818137288093567
글리터,시크,0.8796154260635376,클래식,0.9792132377624512
글리터,스트릿,0.8759235143661499,캐주얼,0.9777560234069824
글리터,스포티,0.8758841753005981,시크,0.97542405128479
글리터,워크웨어,0.8734409213066101,워크웨어,0.9659456014633179
피어커피,미니멀,0.9365866780281067,시티보이,0.9927454590797424
피어커피,캐주얼,0.9275520443916321,로맨틱,0.9922096729278564
피어커피,걸리시,0.9242101311683655,고프코어,0.9904477596282959
피어커피,고프코어,0.9218894243240356,레트로,0.9902126789093018
피어커피,시티보이,0.912841260433197,미니멀,0.986906886100769
피어커피,레트로,0.909386932849884,걸리시,0.9830169677734375
피어커피,로맨틱,0.907425045967102,스포티,0.9793152809143066
피어커피,클래식,0.8944615721702576,스트릿,0.9784808158874512
피어커피,시크,0.8831541538238525,클래식,0.976893961429596
피어커피,스포티,0.8816999793052673,시크,0.9750763177871704
피어커피,스트릿,0.8807802200317383,캐주얼,0.9740993976593018
피어커피,워크웨어,0.875352680683136,워크웨어,0.9613893032073975
카페조이,미니멀,0.9286023378372192,고프코어,0.9849482178688049
카페조이,캐주얼,0.9225449562072754,시티보이,0.984829306602478
카페조이,걸리시,0.9169121980667114,레트로,0.9839608073234558
카페조이,고프코어,0.9110813140869141,로맨틱,0.9836862087249756
카페조이,시티보이,0.9002043008804321,미니멀,0.9810917973518372
카페조이,레트로,0.8973026275634766,스포티,0.9798698425292969
카페조이,로맨틱,0.8963244557380676,캐주얼,0.9776542782783508
카페조이,클래식,0.8834967613220215,걸리시,0.9765200614929199
카페조이,시크,0.872714102268219,클래식,0.975854754447937
카페조이,스포티,0.867499828338623,스트릿,0.9732859134674072
카페조이,스트릿,0.8659948706626892,시크,0.971792459487915
카페조이,워크웨어,0.8645660281181335,워크웨어,0.9513130784034729
굴림,미니멀,0.9295745491981506,걸리시,0.986793577671051
굴림,걸리시,0.9211964011192322,미니멀,0.9790089130401611
굴림,캐주얼,0.9211424589157104,로맨틱,0.975736141204834
굴림,고프코어,0.9163734316825867,고프코어,0.9750024080276489
굴림,시티보이,0.9065324068069458,캐주얼,0.9736204743385315
굴림,레트로,0.9044094085693359,시티보이,0.9722813963890076
굴림,로맨틱,0.9032841324806213,스포티,0.9665687680244446
굴림,클래식,0.8875485062599182,레트로,0.9660587310791016
굴림,시크,0.8771587014198303,워크웨어,0.9654434323310852
굴림,스포티,0.8753039240837097,스트릿,0.962192952632904
굴림,스트릿,0.8713654279708862,시크,0.9605810642242432
굴림,워크웨어,0.86617511510849,클래식,0.9592640399932861
유니드카페,미니멀,0.9400246143341064,로맨틱,0.9808982610702515
유니드카페,캐주얼,0.9343096613883972,걸리시,0.9781920313835144
유니드카페,걸리시,0.9327918887138367,레트로,0.9781278967857361
유니드카페,고프코어,0.9250665307044983,고프코어,0.975677490234375
유니드카페,레트로,0.9168010950088501,시티보이,0.9749999642372131
유니드카페,시티보이,0.9157828092575073,미니멀,0.9744366407394409
유니드카페,로맨틱,0.9146143198013306,스포티,0.9740266799926758
유니드카페,클래식,0.9008480906486511,캐주얼,0.9692261219024658
유니드카페,시크,0.8940194845199585,클래식,0.9667030572891235
유니드카페,스포티,0.8875924348831177,시크,0.9664483070373535
유니드카페,스트릿,0.8841534852981567,스트릿,0.9661384224891663
유니드카페,워크웨어,0.8779403567314148,워크웨어,0.948533833026886
ONE BEAN카페,미니멀,0.9381547570228577,레트로,0.988771915435791
ONE BEAN카페,캐주얼,0.9318637847900391,클래식,0.9882415533065796
ONE BEAN카페,걸리시,0.9280551671981812,캐주얼,0.9878763556480408
ONE BEAN카페,고프코어,0.9236485362052917,미니멀,0.9861815571784973
ONE BEAN카페,시티보이,0.9132792949676514,시크,0.9859645366668701
ONE BEAN카페,레트로,0.9129462242126465,로맨틱,0.983452558517456
ONE BEAN카페,로맨틱,0.9100658893585205,시티보이,0.982518196105957
ONE BEAN카페,클래식,0.8973426222801208,고프코어,0.9820910692214966
ONE BEAN카페,시크,0.887417733669281,스트릿,0.9820475578308105
ONE BEAN카페,스포티,0.8810746073722839,걸리시,0.979439914226532
ONE BEAN카페,스트릿,0.8779559135437012,스포티,0.9732667207717896
ONE BEAN카페,워크웨어,0.869409441947937,워크웨어,0.9673569798469543
나드에프앤비,미니멀,0.9473451375961304,로맨틱,0.9934996962547302
나드에프앤비,걸리시,0.9375268816947937,시티보이,0.9932796359062195
나드에프앤비,고프코어,0.9357113242149353,고프코어,0.9911313652992249
나드에프앤비,캐주얼,0.9353448748588562,레트로,0.9885468482971191
나드에프앤비,시티보이,0.9288321733474731,걸리시,0.9873863458633423
나드에프앤비,로맨틱,0.9247017502784729,미니멀,0.9871110320091248
나드에프앤비,레트로,0.9237731695175171,스포티,0.9814454913139343
나드에프앤비,클래식,0.9070460796356201,스트릿,0.9792786836624146
나드에프앤비,스포티,0.8978463411331177,시크,0.9752259254455566
나드에프앤비,시크,0.897742509841919,클래식,0.9749177098274231
나드에프앤비,스트릿,0.8956162333488464,캐주얼,0.9736064672470093
나드에프앤비,워크웨어,0.8901587724685669,워크웨어,0.9659467339515686
라에비뉴,미니멀,0.9394807815551758,로맨틱,0.988693118095398
라에비뉴,걸리시,0.9314256906509399,고프코어,0.987666666507721
라에비뉴,캐주얼,0.9296119213104248,시티보이,0.9874581694602966
라에비뉴,고프코어,0.9268896579742432,걸리시,0.9850143194198608
라에비뉴,시티보이,0.9199589490890503,미니멀,0.9835660457611084
라에비뉴,레트로,0.9157123565673828,레트로,0.9824938774108887
라에비뉴,로맨틱,0.9153051376342773,스포티,0.9796726107597351
라에비뉴,클래식,0.8989919424057007,캐주얼,0.9720709323883057
라에비뉴,시크,0.8896999955177307,스트릿,0.9690490365028381
라에비뉴,스포티,0.8849385976791382,클래식,0.9663988351821899
라에비뉴,스트릿,0.8836278319358826,시크,0.9636228680610657
라에비뉴,워크웨어,0.8766106367111206,워크웨어,0.9573774337768555
훔볼트,미니멀,0.9299522042274475,로맨틱,0.9901866912841797
훔볼트,걸리시,0.9228158593177795,시티보이,0.9891219735145569
훔볼트,캐주얼,0.9214131236076355,레트로,0.987677276134491
훔볼트,고프코어,0.9144958853721619,고프코어,0.9871565103530884
훔볼트,시티보이,0.9057657122612,미니멀,0.9858387112617493
훔볼트,로맨틱,0.9022517204284668,스포티,0.9837801456451416
훔볼트,레트로,0.9018520712852478,걸리시,0.9831192493438721
훔볼트,클래식,0.8848899006843567,스트릿,0.9783528447151184
훔볼트,시크,0.8756396770477295,캐주얼,0.9749927520751953
훔볼트,스포티,0.8725500702857971,클래식,0.974876880645752
훔볼트,스트릿,0.869213879108429,시크,0.9736151695251465
훔볼트,워크웨어,0.8673118352890015,워크웨어,0.966447114944458
키쿠키앤커피 성수,미니멀,0.9378783702850342,로맨틱,0.9869922399520874
키쿠키앤커피 성수,캐주얼,0.929621696472168,걸리시,0.985048770904541
키쿠키앤커피 성수,걸리시,0.9289050102233887,레트로,0.9848276376724243
키쿠키앤커피 성수,고프코어,0.9250744581222534,미니멀,0.9843234419822693
키쿠키앤커피 성수,시티보이,0.9150910377502441,시티보이,0.9843100309371948
키쿠키앤커피 성수,레트로,0.9131811857223511,고프코어,0.9841184616088867
키쿠키앤커피 성수,로맨틱,0.9112101197242737,캐주얼,0.9752568006515503
키쿠키앤커피 성수,클래식,0.8962658643722534,스포티,0.9749712347984314
키쿠키앤커피 성수,시크,0.8852992653846741,클래식,0.9734009504318237
키쿠키앤커피 성수,스포티,0.8809387683868408,스트릿,0.9730558395385742
키쿠키앤커피 성수,스트릿,0.8780333995819092,시크,0.972894549369812
키쿠키앤커피 성수,워크웨어,0.8708384037017822,워크웨어,0.9596089124679565
카페라샤워,미니멀,0.9500656127929688,걸리시,0.984370231628418
카페라샤워,걸리시,0.9410839676856995,로맨틱,0.9804407358169556
카페라샤워,캐주얼,0.9407377243041992,고프코어,0.9796335697174072
카페라샤워,고프코어,0.9383431673049927,스포티,0.9794966578483582
카페라샤워,시티보이,0.9311456680297852,미니멀,0.978660523891449
카페라샤워,레트로,0.9281875491142273,시티보이,0.9783286452293396
카페라샤워,로맨틱,0.9277200698852539,캐주얼,0.974107563495636
카페라샤워,클래식,0.9130454063415527,레트로,0.9739590287208557
카페라샤워,시크,0.9036645889282227,스트릿,0.9690581560134888
카페라샤워,스포티,0.9018092155456543,클래식,0.966141939163208
카페라샤워,스트릿,0.8994455337524414,시크,0.9652070999145508
카페라샤워,워크웨어,0.8895057439804077,워크웨어,0.9642958641052246
이트앤드링크 성수,미니멀,0.9429645538330078,로맨틱,0.9908251762390137
이트앤드링크 성수,캐주얼,0.9344120621681213,시티보이,0.990005612373352
이트앤드링크 성수,걸리시,0.9323068857192993,고프코어,0.9856241941452026
이트앤드링크 성수,고프코어,0.9296042919158936,레트로,0.9856014251708984
이트앤드링크 성수,시티보이,0.9210382103919983,스포티,0.9822846055030823
이트앤드링크 성수,레트로,0.9175311326980591,미니멀,0.9805856347084045
이트앤드링크 성수,로맨틱,0.916705310344696,스트릿,0.9786521792411804
이트앤드링크 성수,클래식,0.9024081230163574,걸리시,0.9777846336364746
이트앤드링크 성수,시크,0.8926349878311157,클래식,0.9743820428848267
이트앤드링크 성수,스포티,0.8872421383857727,시크,0.9701476097106934
이트앤드링크 성수,스트릿,0.8871558904647827,캐주얼,0.9680991768836975
이트앤드링크 성수,워크웨어,0.8821340799331665,워크웨어,0.9564468264579773
커피사피엔스 성수우림점,미니멀,0.9382637739181519,레트로,0.9903720617294312
커피사피엔스 성수우림점,캐주얼,0.9356734752655029,로맨틱,0.989647388458252
커피사피엔스 성수우림점,걸리시,0.9266818165779114,시티보이,0.9895440340042114
커피사피엔스 성수우림점,고프코어,0.921949028968811,고프코어,0.9881275296211243
커피사피엔스 성수우림점,레트로,0.9118263125419617,미니멀,0.9873912334442139
커피사피엔스 성수우림점,시티보이,0.9116567373275757,스트릿,0.9837737679481506
커피사피엔스 성수우림점,로맨틱,0.9071871638298035,스포티,0.9835469126701355
커피사피엔스 성수우림점,클래식,0.9018553495407104,클래식,0.9833880662918091
커피사피엔스 성수우림점,시크,0.8908683061599731,캐주얼,0.9826749563217163
커피사피엔스 성수우림점,스트릿,0.8807210922241211,시크,0.9813767671585083
커피사피엔스 성수우림점,스포티,0.8786067366600037,걸리시,0.9806932210922241
커피사피엔스 성수우림점,워크웨어,0.8724931478500366,워크웨어,0.9648439884185791
카페수다,미니멀,0.9403004050254822,걸리시,0.9832712411880493
카페수다,캐주얼,0.9330580830574036,미니멀,0.9772064685821533
카페수다,걸리시,0.9295966029167175,로맨틱,0.9766554832458496
카페수다,고프코어,0.9290540814399719,고프코어,0.9749020338058472
카페수다,시티보이,0.920355498790741,시티보이,0.9728387594223022
카페수다,레트로,0.9177370071411133,캐주얼,0.9712421298027039
카페수다,로맨틱,0.9155546426773071,스포티,0.970772922039032
카페수다,클래식,0.9026046395301819,레트로,0.9682539105415344
카페수다,시크,0.8914754390716553,스트릿,0.9641159772872925
카페수다,스포티,0.8889869451522827,워크웨어,0.9614548683166504
카페수다,스트릿,0.8853583931922913,시크,0.9597764015197754
카페수다,워크웨어,0.8756402730941772,클래식,0.9597504138946533
아이오쓰리 에이스하이엔드점,미니멀,0.9289557337760925,미니멀,0.9836065769195557
아이오쓰리 에이스하이엔드점,걸리시,0.921302080154419,고프코어,0.9833239316940308
아이오쓰리 에이스하이엔드점,캐주얼,0.9204993844032288,걸리시,0.9817897081375122
아이오쓰리 에이스하이엔드점,고프코어,0.916626513004303,시티보이,0.9811915755271912
아이오쓰리 에이스하이엔드점,시티보이,0.9052789211273193,캐주얼,0.9808281660079956
아이오쓰리 에이스하이엔드점,레트로,0.9018179178237915,로맨틱,0.9805307388305664
아이오쓰리 에이스하이엔드점,로맨틱,0.9011730551719666,레트로,0.9782191514968872
아이오쓰리 에이스하이엔드점,클래식,0.883001446723938,스포티,0.9731346368789673
아이오쓰리 에이스하이엔드점,시크,0.8725840449333191,스트릿,0.9710171222686768
아이오쓰리 에이스하이엔드점,스포티,0.8724092841148376,클래식,0.9701274037361145
아이오쓰리 에이스하이엔드점,스트릿,0.8670064210891724,시크,0.9676945805549622
아이오쓰리 에이스하이엔드점,워크웨어,0.8635698556900024,워크웨어,0.9622058868408203
어니언 성수,미니멀,0.9356687068939209,로맨틱,0.987043559551239
어니언 성수,걸리시,0.9282858371734619,레트로,0.9863560199737549
어니언 성수,캐주얼,0.927684485912323,고프코어,0.9861459136009216
어니언 성수,고프코어,0.9215406179428101,미니멀,0.9855784773826599
어니언 성수,시티보이,0.9115152955055237,시티보이,0.9853489398956299
어니언 성수,레트로,0.9083413481712341,걸리시,0.9847531318664551
어니언 성수,로맨틱,0.907820999622345,캐주얼,0.9783440232276917
어니언 성수,클래식,0.8923600912094116,클래식,0.9760406017303467
어니언 성수,시크,0.8848743438720703,스포티,0.9756344556808472
어니언 성수,스포티,0.8764787912368774,스트릿,0.9746319055557251
어니언 성수,스트릿,0.8753475546836853,시크,0.971194326877594
어니언 성수,워크웨어,0.8733025193214417,워크웨어,0.9617052674293518
오우드 성수,미니멀,0.9282875061035156,로맨틱,0.9899346232414246
오우드 성수,캐주얼,0.9219948053359985,미니멀,0.9886975288391113
오우드 성수,걸리시,0.9196867942810059,걸리시,0.9874770641326904
오우드 성수,고프코어,0.9119518399238586,시티보이,0.9868056178092957
오우드 성수,시티보이,0.9013099670410156,레트로,0.9860411286354065
오우드 성수,레트로,0.8996424674987793,고프코어,0.9847351312637329
오우드 성수,로맨틱,0.8972411751747131,캐주얼,0.9801244735717773
오우드 성수,클래식,0.885217547416687,시크,0.9797605276107788
오우드 성수,시크,0.8753658533096313,클래식,0.9772534966468811
오우드 성수,스포티,0.8674249053001404,스트릿,0.9770510196685791
오우드 성수,스트릿,0.8672897815704346,스포티,0.9746348857879639
오우드 성수,워크웨어,0.8649978637695312,워크웨어,0.9700533151626587
마를리,미니멀,0.94228196144104,로맨틱,0.990448534488678
마를리,걸리시,0.9322996139526367,고프코어,0.9888545870780945
마를리,고프코어,0.9318366646766663,시티보이,0.9886277914047241
마를리,캐주얼,0.9315118789672852,걸리시,0.9864813685417175
마를리,시티보이,0.9253177642822266,미니멀,0.9860116243362427
마를리,로맨틱,0.9183146953582764,레트로,0.9833376407623291
마를리,레트로,0.9180471301078796,스포티,0.9768531322479248
마를리,클래식,0.9011374115943909,캐주얼,0.974646806716919
마를리,시크,0.8912308812141418,시크,0.9709917902946472
마를리,스트릿,0.8878722190856934,클래식,0.9705776572227478
마를리,스포티,0.8876820206642151,스트릿,0.9701078534126282
마를리,워크웨어,0.8805985450744629,워크웨어,0.9580714106559753
EZER Coffee,미니멀,0.9488004446029663,로맨틱,0.9888489246368408
EZER Coffee,걸리시,0.9421854019165039,시티보이,0.9881874322891235
EZER Coffee,캐주얼,0.938392162322998,레트로,0.9873464107513428
EZER Coffee,고프코어,0.9379948973655701,고프코어,0.9852541089057922
EZER Coffee,시티보이,0.9315882921218872,스포티,0.9812095165252686
EZER Coffee,로맨틱,0.9293736219406128,미니멀,0.9778389930725098
EZER Coffee,레트로,0.9286416172981262,걸리시,0.9771978855133057
EZER Coffee,클래식,0.912449836730957,스트릿,0.9760741591453552
EZER Coffee,시크,0.9037851691246033,클래식,0.9741744995117188
EZER Coffee,스포티,0.9011386036872864,시크,0.9707098603248596
EZER Coffee,스트릿,0.8998034000396729,캐주얼,0.9642077684402466
EZER Coffee,워크웨어,0.8913267850875854,워크웨어,0.9552679061889648
높은산,미니멀,0.9366898536682129,레트로,0.9902071356773376
높은산,캐주얼,0.9302548170089722,클래식,0.9862088561058044
높은산,걸리시,0.9267091155052185,미니멀,0.9853260517120361
높은산,고프코어,0.9191989302635193,로맨틱,0.9849863052368164
높은산,시티보이,0.9103648066520691,시티보이,0.9846535921096802
높은산,레트로,0.9095828533172607,고프코어,0.9825050234794617
높은산,로맨틱,0.9069411754608154,캐주얼,0.9818313121795654
높은산,클래식,0.8957501649856567,시크,0.9811396598815918
높은산,시크,0.8882115483283997,걸리시,0.9793800711631775
높은산,스트릿,0.8786370158195496,스트릿,0.977348268032074
높은산,스포티,0.8777215480804443,스포티,0.9710719585418701
높은산,워크웨어,0.8766939640045166,워크웨어,0.956028938293457
성수동대림창고갤러리,미니멀,0.9324730038642883,레트로,0.9900809526443481
성수동대림창고갤러리,캐주얼,0.9260167479515076,로맨틱,0.9862475991249084
성수동대림창고갤러리,걸리시,0.9225411415100098,시티보이,0.9858430027961731
성수동대림창고갤러리,고프코어,0.916221559047699,미니멀,0.984656572341919
성수동대림창고갤러리,시티보이,0.9070582389831543,고프코어,0.983751654624939
성수동대림창고갤러리,레트로,0.9049173593521118,걸리시,0.9817095994949341
성수동대림창고갤러리,로맨틱,0.9026947021484375,클래식,0.981228232383728
성수동대림창고갤러리,클래식,0.8906876444816589,시크,0.9801651239395142
성수동대림창고갤러리,시크,0.8805083632469177,캐주얼,0.9788106679916382
성수동대림창고갤러리,스트릿,0.8711786866188049,스트릿,0.9734023809432983
성수동대림창고갤러리,스포티,0.8708221316337585,스포티,0.9720426201820374
성수동대림창고갤러리,워크웨어,0.8665879964828491,워크웨어,0.9547368288040161
쇼콜라쏭즈,미니멀,0.9537143111228943,로맨틱,0.9884808659553528
쇼콜라쏭즈,캐주얼,0.9458245038986206,레트로,0.9882604479789734
쇼콜라쏭즈,걸리시,0.9409162998199463,클래식,0.9862391948699951
쇼콜라쏭즈,고프코어,0.9385244250297546,캐주얼,0.9862039685249329
쇼콜라쏭즈,시티보이,0.9324535727500916,미니멀,0.9861918687820435
쇼콜라쏭즈,레트로,0.9320725202560425,시티보이,0.9846711754798889
쇼콜라쏭즈,로맨틱,0.9287756681442261,시크,0.9838962554931641
쇼콜라쏭즈,클래식,0.9189102053642273,스트릿,0.9821687936782837
쇼콜라쏭즈,시크,0.9082882404327393,고프코어,0.9820770025253296
쇼콜라쏭즈,스트릿,0.9031062126159668,걸리시,0.9813087582588196
쇼콜라쏭즈,스포티,0.9002389907836914,스포티,0.9764080047607422
쇼콜라쏭즈,워크웨어,0.89427649974823,워크웨어,0.9674578905105591
프레이커피바 PCB서울,미니멀,0.9211776256561279,로맨틱,0.9865118861198425
프레이커피바 PCB서울,캐주얼,0.9128834009170532,미니멀,0.9864251613616943
프레이커피바 PCB서울,걸리시,0.911837100982666,고프코어,0.986121654510498
프레이커피바 PCB서울,고프코어,0.9073665738105774,레트로,0.9851820468902588
프레이커피바 PCB서울,시티보이,0.8954982757568359,시티보이,0.9851168990135193
프레이커피바 PCB서울,레트로,0.8920155763626099,캐주얼,0.9845365285873413
프레이커피바 PCB서울,로맨틱,0.8911535739898682,걸리시,0.9834496378898621
프레이커피바 PCB서울,클래식,0.8760438561439514,클래식,0.9785598516464233
프레이커피바 PCB서울,시크,0.8662027716636658,스트릿,0.9781297445297241
프레이커피바 PCB서울,스포티,0.8629378080368042,시크,0.9770262837409973
프레이커피바 PCB서울,스트릿,0.8611094951629639,스포티,0.9762789011001587
프레이커피바 PCB서울,워크웨어,0.8588842153549194,워크웨어,0.9661705493927002
커피냅로스터스 성수,미니멀,0.9361792802810669,시티보이,0.9917553663253784
커피냅로스터스 성수,캐주얼,0.928794264793396,레트로,0.9896398782730103
커피냅로스터스 성수,걸리시,0.9246921539306641,로맨틱,0.9889573454856873
커피냅로스터스 성수,고프코어,0.9210031032562256,고프코어,0.98892742395401
커피냅로스터스 성수,시티보이,0.9113421440124512,미니멀,0.984177827835083
커피냅로스터스 성수,레트로,0.9098461866378784,걸리시,0.9820576906204224
커피냅로스터스 성수,로맨틱,0.9072065949440002,클래식,0.9803780317306519
커피냅로스터스 성수,클래식,0.8954536318778992,시크,0.978804349899292
커피냅로스터스 성수,시크,0.8860174417495728,스트릿,0.9785071611404419
커피냅로스터스 성수,스트릿,0.8793151378631592,스포티,0.9763571619987488
커피냅로스터스 성수,스포티,0.8774564266204834,캐주얼,0.9732029438018799
커피냅로스터스 성수,워크웨어,0.8734712600708008,워크웨어,0.9576733112335205
카멜커피 성수점,미니멀,0.945348858833313,레트로,0.9888371229171753
카멜커피 성수점,캐주얼,0.9374233484268188,로맨틱,0.9883705973625183
카멜커피 성수점,걸리시,0.9338767528533936,시티보이,0.9856443405151367
카멜커피 성수점,고프코어,0.9314322471618652,고프코어,0.9827154278755188
카멜커피 성수점,시티보이,0.9229260683059692,미니멀,0.9824352860450745
카멜커피 성수점,레트로,0.9219249486923218,클래식,0.9807677268981934
카멜커피 성수점,로맨틱,0.919037938117981,시크,0.9795936346054077
카멜커피 성수점,클래식,0.9061474800109863,걸리시,0.9793657064437866
카멜커피 성수점,시크,0.8963202238082886,캐주얼,0.9781070351600647
카멜커피 성수점,스포티,0.8918576836585999,스포티,0.977238118648529
카멜커피 성수점,스트릿,0.8915243148803711,스트릿,0.9761074781417847
카멜커피 성수점,워크웨어,0.8842307329177856,워크웨어,0.9557074904441833
카페시벳,미니멀,0.9457094669342041,시티보이,0.9914722442626953
카페시벳,캐주얼,0.9387651681900024,로맨틱,0.9910181760787964
카페시벳,걸리시,0.9346075057983398,고프코어,0.988518238067627
카페시벳,고프코어,0.9289435148239136,레트로,0.9882879853248596
카페시벳,레트로,0.92257159948349,미니멀,0.9855884313583374
카페시벳,시티보이,0.9216115474700928,스포티,0.9819502830505371
카페시벳,로맨틱,0.9193426966667175,걸리시,0.9816765785217285
카페시벳,클래식,0.9096180200576782,스트릿,0.9803744554519653
카페시벳,시크,0.9017496109008789,클래식,0.97920823097229
카페시벳,스트릿,0.8937326669692993,시크,0.97784423828125
카페시벳,스포티,0.891309916973114,캐주얼,0.9747910499572754
카페시벳,워크웨어,0.8857229948043823,워크웨어,0.9647752046585083
원스카페,미니멀,0.9332923889160156,레트로,0.990585446357727
원스카페,캐주얼,0.9281108379364014,클래식,0.9878339767456055
원스카페,걸리시,0.9226977825164795,로맨틱,0.9861664175987244
원스카페,고프코어,0.9157779216766357,시티보이,0.9834824800491333
원스카페,레트로,0.9042111039161682,고프코어,0.9833892583847046
원스카페,시티보이,0.904094934463501,미니멀,0.9828632473945618
원스카페,로맨틱,0.9012236595153809,시크,0.982353687286377
원스카페,클래식,0.8926446437835693,캐주얼,0.9819575548171997
원스카페,시크,0.8815821409225464,스트릿,0.9819456934928894
원스카페,스트릿,0.8718775510787964,스포티,0.9792360663414001
원스카페,스포티,0.870093584060669,걸리시,0.9750651717185974
원스카페,워크웨어,0.8655326962471008,워크웨어,0.9606207609176636
스프레이하우스,미니멀,0.9293249845504761,로맨틱,0.9874585866928101
스프레이하우스,걸리시,0.9208248853683472,고프코어,0.9868627786636353
스프레이하우스,캐주얼,0.9184930920600891,시티보이,0.9867790937423706
스프레이하우스,고프코어,0.9172446727752686,걸리시,0.9852159023284912
스프레이하우스,시티보이,0.9082134366035461,미니멀,0.9824236631393433
스프레이하우스,레트로,0.9015922546386719,레트로,0.9810465574264526
스프레이하우스,로맨틱,0.9015048146247864,스포티,0.9771506786346436
스프레이하우스,클래식,0.8827623128890991,캐주얼,0.9706205129623413
스프레이하우스,시크,0.873242974281311,스트릿,0.967380702495575
스프레이하우스,스포티,0.8710575699806213,클래식,0.9644402861595154
스프레이하우스,스트릿,0.8689458966255188,시크,0.9631530046463013
스프레이하우스,워크웨어,0.8661686182022095,워크웨어,0.9545848369598389
아쿠아산타 성수카페,미니멀,0.9455671906471252,걸리시,0.9872379302978516
아쿠아산타 성수카페,걸리시,0.9374700784683228,미니멀,0.985329270362854
아쿠아산타 성수카페,캐주얼,0.9365712404251099,캐주얼,0.9838719367980957
아쿠아산타 성수카페,고프코어,0.9328429698944092,고프코어,0.9833884239196777
아쿠아산타 성수카페,시티보이,0.926514744758606,로맨틱,0.9802036285400391
아쿠아산타 성수카페,로맨틱,0.9243564009666443,시티보이,0.980114221572876
아쿠아산타 성수카페,레트로,0.9240648746490479,레트로,0.977814793586731
아쿠아산타 성수카페,클래식,0.9084740281105042,클래식,0.9695487022399902
아쿠아산타 성수카페,스포티,0.8997272253036499,시크,0.9681649208068848
아쿠아산타 성수카페,시크,0.8993209600448608,스포티,0.9679638743400574
아쿠아산타 성수카페,스트릿,0.8963778018951416,스트릿,0.9652035236358643
아쿠아산타 성수카페,워크웨어,0.8885411024093628,워크웨어,0.9554352760314941
파티세리 후르츠,미니멀,0.9450569748878479,시티보이,0.9908565878868103
파티세리 후르츠,캐주얼,0.9369480609893799,로맨틱,0.9890261888504028
파티세리 후르츠,걸리시,0.934932291507721,고프코어,0.9879474639892578
파티세리 후르츠,고프코어,0.9309494495391846,미니멀,0.9845578670501709
파티세리 후르츠,시티보이,0.9243953227996826,레트로,0.9845378398895264
파티세리 후르츠,레트로,0.9207992553710938,걸리시,0.9825835227966309
파티세리 후르츠,로맨틱,0.9199256300926208,스포티,0.9788807034492493
파티세리 후르츠,클래식,0.9071093201637268,스트릿,0.9733679294586182
파티세리 후르츠,시크,0.8971006274223328,캐주얼,0.9702063798904419
파티세리 후르츠,스트릿,0.8913255333900452,클래식,0.9701699614524841
파티세리 후르츠,스포티,0.8910736441612244,시크,0.9675047397613525
파티세리 후르츠,워크웨어,0.8834404945373535,워크웨어,0.9582412838935852
니드인,미니멀,0.9491257071495056,로맨틱,0.9883646965026855
니드인,캐주얼,0.9417315721511841,시티보이,0.9879903793334961
니드인,걸리시,0.9389408230781555,레트로,0.9875573515892029
니드인,고프코어,0.9380223155021667,고프코어,0.9865257143974304
니드인,시티보이,0.9291828870773315,미니멀,0.9837650656700134
니드인,레트로,0.928249716758728,스포티,0.9813607335090637
니드인,로맨틱,0.9254405498504639,걸리시,0.9801334142684937
니드인,클래식,0.9133294820785522,클래식,0.9797494411468506
니드인,시크,0.9022620916366577,스트릿,0.9793610572814941
니드인,스포티,0.9010668992996216,시크,0.9762022495269775
니드인,스트릿,0.898276686668396,캐주얼,0.9757517576217651
니드인,워크웨어,0.8868728280067444,워크웨어,0.9570855498313904
예셰숄,미니멀,0.9369970560073853,걸리시,0.9856257438659668
예셰숄,캐주얼,0.9283430576324463,미니멀,0.9805474281311035
예셰숄,걸리시,0.9261144399642944,캐주얼,0.9804898500442505
예셰숄,고프코어,0.922725260257721,고프코어,0.9756627678871155
예셰숄,시티보이,0.9138531684875488,로맨틱,0.9709563255310059
예셰숄,레트로,0.9105057120323181,시티보이,0.9681705236434937
예셰숄,로맨틱,0.9096735119819641,레트로,0.9663282036781311
예셰숄,클래식,0.8957451581954956,시크,0.9654906988143921
예셰숄,시크,0.884141743183136,클래식,0.9622300863265991
예셰숄,스포티,0.882644772529602,스포티,0.9587376713752747
예셰숄,스트릿,0.8818157315254211,워크웨어,0.9578548669815063
예셰숄,워크웨어,0.8762362599372864,스트릿,0.9559856057167053
기와르,미니멀,0.9382650852203369,로맨틱,0.9911752939224243
기와르,걸리시,0.9299571514129639,시티보이,0.989013135433197
기와르,고프코어,0.9275662899017334,레트로,0.9874019026756287
기와르,캐주얼,0.9268286824226379,고프코어,0.985322117805481
기와르,시티보이,0.9185552000999451,스포티,0.9803997278213501
기와르,로맨틱,0.9146558046340942,미니멀,0.9802562594413757
기와르,레트로,0.913636326789856,걸리시,0.978638768196106
기와르,클래식,0.8951081037521362,스트릿,0.9773244857788086
기와르,스포티,0.8872513771057129,클래식,0.9754906892776489
기와르,시크,0.8853535652160645,시크,0.9735060334205627
기와르,스트릿,0.8824465274810791,캐주얼,0.9670426845550537
기와르,워크웨어,0.8781939148902893,워크웨어,0.9554815888404846
누데이크 성수,미니멀,0.9317455887794495,걸리시,0.9798531532287598
누데이크 성수,걸리시,0.9267516732215881,캐주얼,0.9745606184005737
누데이크 성수,캐주얼,0.9252138137817383,미니멀,0.973825991153717
누데이크 성수,고프코어,0.9214152097702026,고프코어,0.9651836156845093
누데이크 성수,시티보이,0.9107314944267273,로맨틱,0.9604225754737854
누데이크 성수,로맨틱,0.9074006676673889,시티보이,0.9590374827384949
누데이크 성수,레트로,0.9063341021537781,레트로,0.9567911624908447
누데이크 성수,클래식,0.8877130746841431,시크,0.9517749547958374
누데이크 성수,스포티,0.8813544511795044,클래식,0.949867308139801
누데이크 성수,시크,0.8786704540252686,스포티,0.9446942210197449
누데이크 성수,스트릿,0.8743083477020264,워크웨어,0.9425519704818726
누데이크 성수,워크웨어,0.870546281337738,스트릿,0.9410560727119446
브로벨커피,미니멀,0.9501262307167053,레트로,0.9910281300544739
브로벨커피,캐주얼,0.9426872730255127,시티보이,0.9893934726715088
브로벨커피,고프코어,0.939687967300415,로맨틱,0.9889872074127197
브로벨커피,걸리시,0.938464879989624,미니멀,0.9871386289596558
브로벨커피,시티보이,0.9335571527481079,스트릿,0.9855865240097046
브로벨커피,레트로,0.9317919611930847,클래식,0.9854757189750671
브로벨커피,로맨틱,0.9286991357803345,고프코어,0.9852975606918335
브로벨커피,클래식,0.9168026447296143,시크,0.9827332496643066
브로벨커피,시크,0.9063462018966675,스포티,0.9798448085784912
브로벨커피,스포티,0.9057056903839111,캐주얼,0.9798245429992676
브로벨커피,스트릿,0.9037099480628967,걸리시,0.9782445430755615
브로벨커피,워크웨어,0.8936899900436401,워크웨어,0.966698169708252
모센즈스위트 성수점,미니멀,0.9500153660774231,걸리시,0.9875758290290833
모센즈스위트 성수점,캐주얼,0.9404366612434387,미니멀,0.9863289594650269
모센즈스위트 성수점,걸리시,0.9376396536827087,로맨틱,0.9843578934669495
모센즈스위트 성수점,고프코어,0.9360758066177368,고프코어,0.9821937084197998
모센즈스위트 성수점,시티보이,0.9293394088745117,시티보이,0.9818310737609863
모센즈스위트 성수점,레트로,0.9283225536346436,레트로,0.9797467589378357
모센즈스위트 성수점,로맨틱,0.9242277145385742,캐주얼,0.9771193265914917
모센즈스위트 성수점,클래식,0.9138579368591309,클래식,0.969646155834198
모센즈스위트 성수점,시크,0.9038138389587402,시크,0.9693522453308105
모센즈스위트 성수점,스트릿,0.8982448577880859,스트릿,0.9683672189712524
모센즈스위트 성수점,스포티,0.895259439945221,스포티,0.967749297618866
모센즈스위트 성수점,워크웨어,0.8884291648864746,워크웨어,0.9593576192855835
하루앤원데이,미니멀,0.9231464266777039,걸리시,0.9897744059562683
하루앤원데이,걸리시,0.9154188632965088,고프코어,0.9896395206451416
하루앤원데이,캐주얼,0.9145519137382507,미니멀,0.9880291223526001
하루앤원데이,고프코어,0.9096485376358032,로맨틱,0.9863494038581848
하루앤원데이,시티보이,0.8981010913848877,시티보이,0.9862212538719177
하루앤원데이,레트로,0.8941555619239807,레트로,0.9826196432113647
하루앤원데이,로맨틱,0.8920856714248657,캐주얼,0.977906346321106
하루앤원데이,클래식,0.8780679702758789,스포티,0.9761174917221069
하루앤원데이,시크,0.8669425845146179,스트릿,0.9710882902145386
하루앤원데이,스포티,0.8619638681411743,클래식,0.97091144323349
하루앤원데이,스트릿,0.8613651394844055,시크,0.9679962396621704
하루앤원데이,워크웨어,0.8582395911216736,워크웨어,0.9624313116073608
로우키,미니멀,0.9497829079627991,레트로,0.9881446957588196
로우키,캐주얼,0.9412151575088501,로맨틱,0.9869748950004578
로우키,걸리시,0.9359936714172363,고프코어,0.9864819049835205
로우키,고프코어,0.9351201057434082,시티보이,0.9863891005516052
로우키,시티보이,0.9289619326591492,미니멀,0.9849448204040527
로우키,레트로,0.9254777431488037,걸리시,0.9824183583259583
로우키,로맨틱,0.9227834939956665,클래식,0.9781501889228821
로우키,클래식,0.9142699241638184,캐주얼,0.9769186973571777
로우키,시크,0.9031144976615906,시크,0.9764018058776855
로우키,스트릿,0.8990101218223572,스포티,0.9739431142807007
로우키,스포티,0.8944715261459351,스트릿,0.9727797508239746
로우키,워크웨어,0.8917665481567383,워크웨어,0.9533437490463257
카페바로,미니멀,0.944818913936615,로맨틱,0.9870420694351196
카페바로,캐주얼,0.9406225085258484,고프코어,0.9861238598823547
카페바로,걸리시,0.9349372386932373,미니멀,0.9854283332824707
카페바로,고프코어,0.9277542233467102,레트로,0.9852029085159302
카페바로,레트로,0.9198646545410156,시티보이,0.9850890636444092
카페바로,시티보이,0.9198195934295654,스포티,0.9820190072059631
카페바로,로맨틱,0.9160642623901367,걸리시,0.9816408753395081
카페바로,클래식,0.9071947336196899,캐주얼,0.9804043769836426
카페바로,시크,0.9003145694732666,클래식,0.9791675806045532
카페바로,스트릿,0.8896899223327637,시크,0.9786306619644165
카페바로,스포티,0.8861807584762573,스트릿,0.9774730205535889
카페바로,워크웨어,0.8839687705039978,워크웨어,0.9645761251449585
카페소림,미니멀,0.9429540038108826,로맨틱,0.983993411064148
카페소림,캐주얼,0.9369643926620483,시티보이,0.980160117149353
카페소림,걸리시,0.9323028326034546,스포티,0.9799001812934875
카페소림,고프코어,0.9278408288955688,레트로,0.9797977209091187
카페소림,시티보이,0.9198222160339355,고프코어,0.9743529558181763
카페소림,레트로,0.9191365242004395,스트릿,0.9734879732131958
카페소림,로맨틱,0.9166547060012817,클래식,0.9705843925476074
카페소림,클래식,0.9057489633560181,미니멀,0.9679371118545532
카페소림,시크,0.8963704109191895,시크,0.9678566455841064
카페소림,스트릿,0.8899973630905151,걸리시,0.9676743745803833
카페소림,스포티,0.8880226612091064,캐주얼,0.9595938920974731
카페소림,워크웨어,0.8823863863945007,워크웨어,0.9489061832427979
와이덴 성수,미니멀,0.9334729909896851,걸리시,0.9862421751022339
와이덴 성수,캐주얼,0.9287048578262329,미니멀,0.9851357936859131
와이덴 성수,걸리시,0.9225517511367798,고프코어,0.9835847616195679
와이덴 성수,고프코어,0.91487717628479,로맨틱,0.9822831153869629
와이덴 성수,레트로,0.9054079055786133,시티보이,0.9805947542190552
와이덴 성수,시티보이,0.9054056406021118,레트로,0.9797611236572266
와이덴 성수,로맨틱,0.9010400176048279,캐주얼,0.9797070026397705
와이덴 성수,클래식,0.8913138508796692,스트릿,0.9748296737670898
와이덴 성수,시크,0.8832612633705139,스포티,0.9744911193847656
와이덴 성수,스트릿,0.8717769384384155,클래식,0.9740827083587646
와이덴 성수,스포티,0.8676912188529968,시크,0.9739986062049866
와이덴 성수,워크웨어,0.867195188999176,워크웨어,0.969753623008728
오푸,미니멀,0.9268004894256592,레트로,0.9906185865402222
오푸,캐주얼,0.9219980239868164,로맨틱,0.9886188507080078
오푸,걸리시,0.913753867149353,시티보이,0.9885155558586121
오푸,고프코어,0.9096133708953857,클래식,0.9854005575180054
오푸,시티보이,0.9003381729125977,미니멀,0.9842748045921326
오푸,레트로,0.898033082485199,고프코어,0.9835471510887146
오푸,로맨틱,0.8938846588134766,스트릿,0.9834892153739929
오푸,클래식,0.8843963742256165,시크,0.981607973575592
오푸,시크,0.8754457831382751,캐주얼,0.9779873490333557
오푸,스트릿,0.865056574344635,스포티,0.9763158559799194
오푸,워크웨어,0.8614991903305054,걸리시,0.9756199717521667
오푸,스포티,0.8611592054367065,워크웨어,0.961296796798706
리브릭,미니멀,0.9531879425048828,고프코어,0.9871864318847656
리브릭,고프코어,0.9453810453414917,시티보이,0.9867249131202698
리브릭,걸리시,0.9446282982826233,로맨틱,0.985016942024231
리브릭,캐주얼,0.9413678646087646,레트로,0.982980489730835
리브릭,시티보이,0.9391140937805176,걸리시,0.9810910224914551
리브릭,로맨틱,0.9350079298019409,미니멀,0.9808504581451416
리브릭,레트로,0.933910608291626,캐주얼,0.9726197719573975
리브릭,클래식,0.915189802646637,스포티,0.9720624089241028
리브릭,스포티,0.9094580411911011,클래식,0.9698408842086792
리브릭,시크,0.9065327644348145,시크,0.9682585597038269
리브릭,스트릿,0.9057555794715881,스트릿,0.9675184488296509
리브릭,워크웨어,0.8988108038902283,워크웨어,0.9501680135726929
앙골로에스프레소,미니멀,0.9551047682762146,레트로,0.9919211268424988
앙골로에스프레소,캐주얼,0.9467757940292358,로맨틱,0.9892669320106506
앙골로에스프레소,고프코어,0.9421900510787964,시티보이,0.9886267781257629
앙골로에스프레소,걸리시,0.941941499710083,고프코어,0.9872905015945435
앙골로에스프레소,시티보이,0.9362369775772095,미니멀,0.9858801960945129
앙골로에스프레소,레트로,0.9341011047363281,클래식,0.9834439754486084
앙골로에스프레소,로맨틱,0.9307480454444885,걸리시,0.9808878302574158
앙골로에스프레소,클래식,0.9191937446594238,시크,0.9800312519073486
앙골로에스프레소,시크,0.9102832674980164,캐주얼,0.9799919724464417
앙골로에스프레소,스트릿,0.9034228324890137,스트릿,0.9799141883850098
앙골로에스프레소,스포티,0.9028992652893066,스포티,0.979073703289032
앙골로에스프레소,워크웨어,0.8941821455955505,워크웨어,0.959398627281189
카페리빈 성수점,미니멀,0.9485340714454651,미니멀,0.9875763654708862
카페리빈 성수점,캐주얼,0.9412263631820679,캐주얼,0.986255407333374
카페리빈 성수점,걸리시,0.9391322135925293,시크,0.9844518303871155
카페리빈 성수점,고프코어,0.9373434782028198,고프코어,0.9844211339950562
카페리빈 성수점,시티보이,0.9294501543045044,걸리시,0.9828593730926514
카페리빈 성수점,레트로,0.9269649386405945,레트로,0.9818652272224426
카페리빈 성수점,로맨틱,0.9249878525733948,로맨틱,0.9818098545074463
카페리빈 성수점,클래식,0.9118061065673828,클래식,0.9813984036445618
카페리빈 성수점,시크,0.9018093347549438,시티보이,0.980750560760498
카페리빈 성수점,스포티,0.8975754976272583,스트릿,0.9799224138259888
카페리빈 성수점,스트릿,0.8955380916595459,워크웨어,0.9770413637161255
카페리빈 성수점,워크웨어,0.8857237100601196,스포티,0.9750140309333801
베티버 성수,미니멀,0.9437309503555298,시티보이,0.9931898713111877
베티버 성수,걸리시,0.9355846643447876,로맨틱,0.9908022880554199
베티버 성수,캐주얼,0.9341455698013306,레트로,0.9895007610321045
베티버 성수,고프코어,0.9321585893630981,고프코어,0.9884556531906128
베티버 성수,시티보이,0.9254037737846375,미니멀,0.984079122543335
베티버 성수,레트로,0.9212979078292847,스트릿,0.9836563467979431
베티버 성수,로맨틱,0.9208699464797974,클래식,0.9817433953285217
베티버 성수,클래식,0.9047266840934753,스포티,0.9806294441223145
베티버 성수,시크,0.8949592113494873,시크,0.9767318367958069
베티버 성수,스포티,0.8935498595237732,캐주얼,0.9765740633010864
베티버 성수,스트릿,0.8915712237358093,걸리시,0.9758791923522949
베티버 성수,워크웨어,0.883671224117279,워크웨어,0.9632308483123779
구테로이테 성수센트럴키친,미니멀,0.9357286691665649,레트로,0.9894813299179077
구테로이테 성수센트럴키친,캐주얼,0.9293068647384644,로맨틱,0.9877039790153503
구테로이테 성수센트럴키친,걸리시,0.9241467714309692,시티보이,0.9859248995780945
구테로이테 성수센트럴키친,고프코어,0.9194468259811401,고프코어,0.9840642213821411
구테로이테 성수센트럴키친,시티보이,0.9095492362976074,미니멀,0.9826306700706482
구테로이테 성수센트럴키친,레트로,0.9083951115608215,클래식,0.9825621247291565
구테로이테 성수센트럴키친,로맨틱,0.9051512479782104,캐주얼,0.9779233932495117
구테로이테 성수센트럴키친,클래식,0.8955546617507935,걸리시,0.9777679443359375
구테로이테 성수센트럴키친,시크,0.8865479230880737,스트릿,0.9776712656021118
구테로이테 성수센트럴키친,스트릿,0.8765827417373657,시크,0.9772959351539612
구테로이테 성수센트럴키친,스포티,0.8746196627616882,스포티,0.9755213260650635
구테로이테 성수센트럴키친,워크웨어,0.8727557063102722,워크웨어,0.9542371034622192
야페,미니멀,0.9301810264587402,시티보이,0.9924066066741943
야페,걸리시,0.9237257242202759,로맨틱,0.9905991554260254
야페,캐주얼,0.9231908917427063,레트로,0.9895583391189575
야페,고프코어,0.9164934754371643,고프코어,0.9890823364257812
야페,시티보이,0.90740966796875,미니멀,0.9830400347709656
야페,레트로,0.9055169224739075,스포티,0.9822592735290527
야페,로맨틱,0.9036275148391724,스트릿,0.9809514284133911
야페,클래식,0.8871689438819885,클래식,0.9785469770431519
야페,시크,0.8785069584846497,걸리시,0.9767500758171082
야페,스포티,0.8709483742713928,시크,0.9742228984832764
야페,스트릿,0.8694723844528198,캐주얼,0.971892774105072
야페,워크웨어,0.8654781579971313,워크웨어,0.9587767124176025
베러초이스,미니멀,0.9467494487762451,레트로,0.991104245185852
베러초이스,걸리시,0.9386870861053467,클래식,0.9883708953857422
베러초이스,캐주얼,0.935210645198822,로맨틱,0.9881752729415894
베러초이스,고프코어,0.9344677925109863,시티보이,0.9866194725036621
베러초이스,시티보이,0.9268026351928711,스트릿,0.9841023683547974
베러초이스,로맨틱,0.9232534170150757,미니멀,0.9835584163665771
베러초이스,레트로,0.9220797419548035,시크,0.9833346009254456
베러초이스,클래식,0.9039188623428345,고프코어,0.9831088781356812
베러초이스,스포티,0.8973829746246338,스포티,0.9782372713088989
베러초이스,시크,0.8945039510726929,캐주얼,0.9771372079849243
베러초이스,스트릿,0.8916944265365601,걸리시,0.9766546487808228
베러초이스,워크웨어,0.8842254281044006,워크웨어,0.9621214866638184
삼옥,미니멀,0.9468285441398621,걸리시,0.9900804162025452
삼옥,걸리시,0.9414220452308655,미니멀,0.9889707565307617
삼옥,고프코어,0.9398497939109802,고프코어,0.9882365465164185
삼옥,캐주얼,0.9368733763694763,시티보이,0.9879128336906433
삼옥,시티보이,0.9325504302978516,로맨틱,0.9868462085723877
삼옥,로맨틱,0.9295397400856018,레트로,0.9815903902053833
삼옥,레트로,0.9274705648422241,캐주얼,0.9796119928359985
삼옥,클래식,0.9078819751739502,클래식,0.9726343750953674
삼옥,스포티,0.903573751449585,스트릿,0.9723563194274902
삼옥,시크,0.898137092590332,스포티,0.9720533490180969
삼옥,스트릿,0.8960176110267639,시크,0.9700137376785278
삼옥,워크웨어,0.8884859085083008,워크웨어,0.9626952409744263
젤라또투유,미니멀,0.9515198469161987,레트로,0.9833279848098755
젤라또투유,캐주얼,0.9461414217948914,로맨틱,0.9820146560668945
젤라또투유,걸리시,0.9378299713134766,캐주얼,0.9815354347229004
젤라또투유,고프코어,0.9365114569664001,걸리시,0.9814274907112122
젤라또투유,시티보이,0.9284853935241699,미니멀,0.9812829494476318
젤라또투유,레트로,0.9280332922935486,클래식,0.9809150695800781
젤라또투유,로맨틱,0.9241565465927124,고프코어,0.9791056513786316
젤라또투유,클래식,0.9181602001190186,시티보이,0.9788081645965576
젤라또투유,시크,0.906436562538147,시크,0.9778347015380859
젤라또투유,스트릿,0.9005648493766785,스트릿,0.9745562672615051
젤라또투유,스포티,0.8953105807304382,스포티,0.9712551832199097
젤라또투유,워크웨어,0.8902837634086609,워크웨어,0.9583492279052734
어피스앤드피스,미니멀,0.9498962759971619,로맨틱,0.9837957620620728
어피스앤드피스,고프코어,0.9419870972633362,고프코어,0.9829574823379517
어피스앤드피스,걸리시,0.9406301379203796,시티보이,0.9820249080657959
어피스앤드피스,시티보이,0.9373883008956909,걸리시,0.9812663197517395
어피스앤드피스,캐주얼,0.9373558759689331,미니멀,0.9780876636505127
어피스앤드피스,레트로,0.9316630959510803,스포티,0.976752519607544
어피스앤드피스,로맨틱,0.9310933351516724,레트로,0.9741469621658325
어피스앤드피스,클래식,0.9143542647361755,캐주얼,0.9630777835845947
어피스앤드피스,스포티,0.9042778015136719,스트릿,0.9610645174980164
어피스앤드피스,시크,0.9036682844161987,클래식,0.954876184463501
어피스앤드피스,스트릿,0.9028876423835754,시크,0.9544782638549805
어피스앤드피스,워크웨어,0.8916415572166443,워크웨어,0.9527961015701294
카페 스트랏,미니멀,0.9159185290336609,고프코어,0.9918663501739502
카페 스트랏,캐주얼,0.9101277589797974,시티보이,0.9914852976799011
카페 스트랏,걸리시,0.9051035642623901,레트로,0.989900529384613
카페 스트랏,고프코어,0.9010875821113586,미니멀,0.9887982606887817
카페 스트랏,시티보이,0.8907747268676758,로맨틱,0.9879472851753235
카페 스트랏,레트로,0.8886353969573975,캐주얼,0.980615496635437
카페 스트랏,로맨틱,0.8858782052993774,클래식,0.9805383682250977
카페 스트랏,클래식,0.8727580308914185,걸리시,0.9801139831542969
카페 스트랏,시크,0.8623361587524414,스트릿,0.9788553714752197
카페 스트랏,스포티,0.8541750907897949,스포티,0.9787240028381348
카페 스트랏,스트릿,0.8529391884803772,시크,0.9747284054756165
카페 스트랏,워크웨어,0.8478182554244995,워크웨어,0.9586730003356934
플록스,걸리시,0.893911600112915,걸리시,0.9842953681945801
플록스,미니멀,0.8921039700508118,캐주얼,0.9830347299575806
플록스,캐주얼,0.8877058625221252,미니멀,0.9811322689056396
플록스,고프코어,0.8708184957504272,고프코어,0.9784757494926453
플록스,로맨틱,0.8544817566871643,로맨틱,0.9776966571807861
플록스,시티보이,0.8534321188926697,시크,0.9767450094223022
플록스,레트로,0.8494740128517151,레트로,0.9754191637039185
플록스,워크웨어,0.8426869511604309,시티보이,0.9737343788146973
플록스,시크,0.8344821929931641,클래식,0.9732470512390137
플록스,클래식,0.833132266998291,스포티,0.972937822341919
플록스,스포티,0.8287147283554077,스트릿,0.9721461534500122
플록스,스트릿,0.8214886784553528,워크웨어,0.9711945056915283
마이쥬스 성수낙낙점,미니멀,0.9388635158538818,걸리시,0.9869192242622375
마이쥬스 성수낙낙점,캐주얼,0.932485044002533,미니멀,0.9856809377670288
마이쥬스 성수낙낙점,걸리시,0.9300416707992554,로맨틱,0.9851555228233337
마이쥬스 성수낙낙점,고프코어,0.9237130880355835,시티보이,0.9843951463699341
마이쥬스 성수낙낙점,시티보이,0.9151356220245361,레트로,0.9838528037071228
마이쥬스 성수낙낙점,레트로,0.9141134023666382,고프코어,0.9821940660476685
마이쥬스 성수낙낙점,로맨틱,0.9120519161224365,캐주얼,0.9798154234886169
마이쥬스 성수낙낙점,클래식,0.9010078310966492,시크,0.9785794019699097
마이쥬스 성수낙낙점,시크,0.8907240033149719,클래식,0.9777137041091919
마이쥬스 성수낙낙점,스트릿,0.8837811350822449,스트릿,0.9742896556854248
마이쥬스 성수낙낙점,스포티,0.8834630846977234,스포티,0.9704564809799194
마이쥬스 성수낙낙점,워크웨어,0.8773056268692017,워크웨어,0.9654854536056519
예빈당,미니멀,0.9505136013031006,로맨틱,0.9845333695411682
예빈당,캐주얼,0.9437500834465027,레트로,0.9843817949295044
예빈당,걸리시,0.9396029710769653,시티보이,0.9814472198486328
예빈당,고프코어,0.9364258646965027,고프코어,0.9794943332672119
예빈당,레트로,0.9303947687149048,미니멀,0.9762027859687805
예빈당,시티보이,0.9296151399612427,스포티,0.9761960506439209
예빈당,로맨틱,0.9260862469673157,클래식,0.9744420051574707
예빈당,클래식,0.9179778099060059,걸리시,0.9742553234100342
예빈당,시크,0.907394289970398,스트릿,0.9710032939910889
예빈당,스트릿,0.8997781276702881,시크,0.9709352254867554
예빈당,스포티,0.8977411985397339,캐주얼,0.9702358245849609
예빈당,워크웨어,0.8894351720809937,워크웨어,0.9461768865585327
러프러프,미니멀,0.9455935955047607,고프코어,0.9875979423522949
러프러프,캐주얼,0.9377285242080688,시티보이,0.9875051975250244
러프러프,걸리시,0.9356067776679993,걸리시,0.9873778223991394
러프러프,고프코어,0.9343138933181763,로맨틱,0.984774112701416
러프러프,시티보이,0.9262354969978333,미니멀,0.984610378742218
러프러프,레트로,0.922773003578186,레트로,0.9788198471069336
러프러프,로맨틱,0.9209786653518677,캐주얼,0.9708539843559265
러프러프,클래식,0.9078627824783325,시크,0.9669085741043091
러프러프,시크,0.8981947898864746,스포티,0.9662966132164001
러프러프,스트릿,0.8907636404037476,클래식,0.9659138917922974
러프러프,스포티,0.8904439210891724,스트릿,0.9645462036132812
러프러프,워크웨어,0.8826298713684082,워크웨어,0.953840970993042
성수동 리얼 로스팅 커피&디저트,미니멀,0.9423974752426147,로맨틱,0.9912810325622559
성수동 리얼 로스팅 커피&디저트,캐주얼,0.9351600408554077,레트로,0.9877848029136658
성수동 리얼 로스팅 커피&디저트,걸리시,0.9274877309799194,걸리시,0.985977292060852
성수동 리얼 로스팅 커피&디저트,고프코어,0.9262481927871704,시티보이,0.985916018486023
성수동 리얼 로스팅 커피&디저트,시티보이,0.9192254543304443,고프코어,0.9849523305892944
성수동 리얼 로스팅 커피&디저트,레트로,0.9180920720100403,미니멀,0.9844611883163452
성수동 리얼 로스팅 커피&디저트,로맨틱,0.9136772155761719,스포티,0.980862021446228
성수동 리얼 로스팅 커피&디저트,클래식,0.906075119972229,스트릿,0.978116512298584
성수동 리얼 로스팅 커피&디저트,시크,0.894992470741272,시크,0.9775550365447998
성수동 리얼 로스팅 커피&디저트,스트릿,0.888921856880188,클래식,0.974672794342041
성수동 리얼 로스팅 커피&디저트,스포티,0.8842363953590393,캐주얼,0.9732752442359924
성수동 리얼 로스팅 커피&디저트,워크웨어,0.8799588680267334,워크웨어,0.9661923050880432
Pauline CoffeeBar,미니멀,0.9373948574066162,레트로,0.9889074563980103
Pauline CoffeeBar,캐주얼,0.9304837584495544,시티보이,0.9860184192657471
Pauline CoffeeBar,고프코어,0.9280445575714111,로맨틱,0.9855901002883911
Pauline CoffeeBar,걸리시,0.9277239441871643,고프코어,0.9854661226272583
Pauline CoffeeBar,시티보이,0.9194383025169373,미니멀,0.9840261936187744
Pauline CoffeeBar,레트로,0.9146028757095337,클래식,0.982732892036438
Pauline CoffeeBar,로맨틱,0.9135879278182983,캐주얼,0.9810437560081482
Pauline CoffeeBar,클래식,0.8995608687400818,걸리시,0.9785555601119995
Pauline CoffeeBar,스포티,0.8875306248664856,시크,0.9778106808662415
Pauline CoffeeBar,시크,0.8865997791290283,스트릿,0.9749999642372131
Pauline CoffeeBar,스트릿,0.8827645778656006,스포티,0.9720587134361267
Pauline CoffeeBar,워크웨어,0.8744125366210938,워크웨어,0.9528778791427612
그레이박스,미니멀,0.9369267821311951,레트로,0.9869595170021057
그레이박스,캐주얼,0.9302213788032532,캐주얼,0.9851243495941162
그레이박스,걸리시,0.9279466867446899,미니멀,0.9845467805862427
그레이박스,고프코어,0.9222131371498108,로맨틱,0.9829503297805786
그레이박스,시티보이,0.9126298427581787,고프코어,0.9822269678115845
그레이박스,레트로,0.9120716452598572,걸리시,0.9806145429611206
그레이박스,로맨틱,0.9093518257141113,클래식,0.979733943939209
그레이박스,클래식,0.8966695070266724,시티보이,0.9790691137313843
그레이박스,시크,0.8858856558799744,시크,0.9781197309494019
그레이박스,스포티,0.8798722624778748,스포티,0.9752987623214722
그레이박스,스트릿,0.8777863383293152,스트릿,0.9736931324005127
그레이박스,워크웨어,0.8713254332542419,워크웨어,0.9590939879417419
도토루커피os,미니멀,0.9470492601394653,로맨틱,0.9906742572784424
도토루커피os,걸리시,0.936938464641571,시티보이,0.989426851272583
도토루커피os,캐주얼,0.9358412623405457,고프코어,0.9861101508140564
도토루커피os,고프코어,0.9342058897018433,레트로,0.9856234788894653
도토루커피os,시티보이,0.9278726577758789,스포티,0.982279896736145
도토루커피os,로맨틱,0.9231362342834473,걸리시,0.9811123609542847
도토루커피os,레트로,0.921176552772522,미니멀,0.9808527827262878
도토루커피os,클래식,0.9054599404335022,스트릿,0.9769606590270996
도토루커피os,스포티,0.8970406651496887,클래식,0.9729328751564026
도토루커피os,스트릿,0.8957234025001526,시크,0.9681703448295593
도토루커피os,시크,0.8956496119499207,캐주얼,0.9673466086387634
도토루커피os,워크웨어,0.8902113437652588,워크웨어,0.9591712355613708
누와,미니멀,0.9471665620803833,로맨틱,0.9898865222930908
누와,걸리시,0.9404340386390686,시티보이,0.9886725544929504
누와,캐주얼,0.9377962946891785,고프코어,0.9857995510101318
누와,고프코어,0.9357588887214661,레트로,0.9842574596405029
누와,시티보이,0.9289357662200928,미니멀,0.9837081432342529
누와,로맨틱,0.9246681332588196,걸리시,0.9827314019203186
누와,레트로,0.9246028661727905,스포티,0.9797836542129517
누와,클래식,0.9086223840713501,스트릿,0.9752112030982971
누와,시크,0.8993082046508789,캐주얼,0.9738014936447144
누와,스포티,0.8946931958198547,클래식,0.9727606773376465
누와,스트릿,0.8939026594161987,시크,0.9712209701538086
누와,워크웨어,0.88555908203125,워크웨어,0.9595690965652466
봄의정원 성수점,미니멀,0.9475218057632446,레트로,0.9902157187461853
봄의정원 성수점,걸리시,0.9394343495368958,로맨틱,0.9878462553024292
봄의정원 성수점,캐주얼,0.9389161467552185,시티보이,0.9865913987159729
봄의정원 성수점,고프코어,0.935368537902832,클래식,0.9846241474151611
봄의정원 성수점,시티보이,0.9279175400733948,고프코어,0.9817336201667786
봄의정원 성수점,레트로,0.9271027445793152,시크,0.9817234873771667
봄의정원 성수점,로맨틱,0.9249098896980286,스트릿,0.9808734655380249
봄의정원 성수점,클래식,0.9116291999816895,미니멀,0.980437159538269
봄의정원 성수점,시크,0.9034834504127502,스포티,0.9753724336624146
봄의정원 성수점,스트릿,0.8966391086578369,캐주얼,0.9750713109970093
봄의정원 성수점,스포티,0.8957064151763916,걸리시,0.9747098088264465
봄의정원 성수점,워크웨어,0.886620044708252,워크웨어,0.9557880759239197
그레이덕,미니멀,0.9336448907852173,미니멀,0.9858270883560181
그레이덕,캐주얼,0.9285182952880859,캐주얼,0.9853925108909607
그레이덕,걸리시,0.924859881401062,걸리시,0.9831514954566956
그레이덕,고프코어,0.9186856746673584,고프코어,0.9772911667823792
그레이덕,레트로,0.9079338908195496,레트로,0.9711512327194214
그레이덕,시티보이,0.9077666997909546,시티보이,0.9709351062774658
그레이덕,로맨틱,0.9050469398498535,로맨틱,0.9698247909545898
그레이덕,클래식,0.8936015367507935,클래식,0.9641565680503845
그레이덕,시크,0.8830054402351379,시크,0.9640529155731201
그레이덕,스포티,0.8779193758964539,스트릿,0.9586067199707031
그레이덕,스트릿,0.8756661415100098,워크웨어,0.9572208523750305
그레이덕,워크웨어,0.870625376701355,스포티,0.9561399817466736
라스베이글 성수점,미니멀,0.9304413795471191,걸리시,0.983690619468689
라스베이글 성수점,걸리시,0.9232068061828613,미니멀,0.9766089916229248
라스베이글 성수점,캐주얼,0.9227900505065918,로맨틱,0.9753144979476929
라스베이글 성수점,고프코어,0.9142962098121643,고프코어,0.9721314907073975
라스베이글 성수점,시티보이,0.9043645262718201,시티보이,0.9699286222457886
라스베이글 성수점,레트로,0.9024304151535034,캐주얼,0.969555139541626
라스베이글 성수점,로맨틱,0.901416003704071,스포티,0.968134880065918
라스베이글 성수점,클래식,0.8858980536460876,레트로,0.9680728316307068
라스베이글 성수점,시크,0.8780934810638428,스트릿,0.9625630974769592
라스베이글 성수점,스포티,0.8715343475341797,워크웨어,0.9622318148612976
라스베이글 성수점,스트릿,0.8702679872512817,시크,0.9610719680786133
라스베이글 성수점,워크웨어,0.8675888776779175,클래식,0.9598197340965271
쎈느Scene,미니멀,0.9357743859291077,걸리시,0.9852936267852783
쎈느Scene,캐주얼,0.9276038408279419,로맨틱,0.9841787815093994
쎈느Scene,걸리시,0.9254111051559448,고프코어,0.9813040494918823
쎈느Scene,고프코어,0.9208719730377197,레트로,0.981203019618988
쎈느Scene,시티보이,0.911325991153717,미니멀,0.9811223745346069
쎈느Scene,레트로,0.9101153612136841,시티보이,0.9802795648574829
쎈느Scene,로맨틱,0.9075392484664917,캐주얼,0.9751055240631104
쎈느Scene,클래식,0.8954077959060669,클래식,0.9741507768630981
쎈느Scene,시크,0.8823963403701782,시크,0.9723427891731262
쎈느Scene,스포티,0.8795099258422852,스포티,0.9721663594245911
쎈느Scene,스트릿,0.8785328269004822,스트릿,0.9720883965492249
쎈느Scene,워크웨어,0.8722304105758667,워크웨어,0.9609202742576599
언니커피,미니멀,0.9279730319976807,고프코어,0.9908751249313354
언니커피,캐주얼,0.9217875003814697,시티보이,0.9903151392936707
언니커피,걸리시,0.9157949686050415,로맨틱,0.9882281422615051
언니커피,고프코어,0.9118895530700684,레트로,0.9867304563522339
언니커피,시티보이,0.8998621106147766,미니멀,0.9855971932411194
언니커피,레트로,0.8978593945503235,스포티,0.9833214282989502
언니커피,로맨틱,0.8943297863006592,클래식,0.9820123910903931
언니커피,클래식,0.8838881254196167,스트릿,0.9816867709159851
언니커피,시크,0.8730764389038086,걸리시,0.9798555970191956
언니커피,스트릿,0.8670100569725037,시크,0.9778394103050232
언니커피,스포티,0.8659558296203613,캐주얼,0.9776797890663147
언니커피,워크웨어,0.8635267615318298,워크웨어,0.9633339643478394
퓨엘커피,미니멀,0.940829873085022,로맨틱,0.984031617641449
퓨엘커피,캐주얼,0.9348121881484985,걸리시,0.9825356006622314
퓨엘커피,걸리시,0.9328125715255737,스포티,0.9813656806945801
퓨엘커피,고프코어,0.9269238710403442,시티보이,0.9796586036682129
퓨엘커피,시티보이,0.9170138835906982,고프코어,0.9781410694122314
퓨엘커피,레트로,0.9168914556503296,레트로,0.9777494668960571
퓨엘커피,로맨틱,0.9142006635665894,미니멀,0.977704644203186
퓨엘커피,클래식,0.9020888209342957,스트릿,0.9729111194610596
퓨엘커피,시크,0.8921574354171753,시크,0.9713629484176636
퓨엘커피,스포티,0.8868147134780884,캐주얼,0.9697571992874146
퓨엘커피,스트릿,0.8843159675598145,클래식,0.9680830836296082
퓨엘커피,워크웨어,0.8774634599685669,워크웨어,0.9651116132736206
업사이드커피,미니멀,0.9486771821975708,로맨틱,0.9873418807983398
업사이드커피,캐주얼,0.9401755928993225,시티보이,0.9871377944946289
업사이드커피,걸리시,0.9395927786827087,레트로,0.9855819344520569
업사이드커피,고프코어,0.9361872673034668,고프코어,0.9848527312278748
업사이드커피,시티보이,0.9291802048683167,미니멀,0.9804343581199646
업사이드커피,레트로,0.926458477973938,걸리시,0.9802845120429993
업사이드커피,로맨틱,0.9253162741661072,스포티,0.9746804237365723
업사이드커피,클래식,0.9093329906463623,시크,0.9743736982345581
업사이드커피,시크,0.9004554748535156,클래식,0.973288893699646
업사이드커피,스포티,0.8955934047698975,스트릿,0.9714988470077515
업사이드커피,스트릿,0.8933786749839783,캐주얼,0.9704260230064392
업사이드커피,워크웨어,0.8860095739364624,워크웨어,0.9538164734840393
창창커피,미니멀,0.9361815452575684,레트로,0.9912238121032715
창창커피,걸리시,0.9313482642173767,로맨틱,0.9901344776153564
창창커피,캐주얼,0.9311815500259399,시티보이,0.9879229068756104
창창커피,고프코어,0.919974684715271,미니멀,0.987076461315155
창창커피,레트로,0.9085966348648071,클래식,0.986217737197876
창창커피,시티보이,0.9085367918014526,스트릿,0.9858746528625488
창창커피,로맨틱,0.9076566696166992,고프코어,0.9844940900802612
창창커피,클래식,0.8950525522232056,시크,0.984103798866272
창창커피,시크,0.8869671821594238,캐주얼,0.9818497896194458
창창커피,스포티,0.8791840076446533,걸리시,0.9795248508453369
창창커피,스트릿,0.8781471252441406,스포티,0.9791039824485779
창창커피,워크웨어,0.8745765686035156,워크웨어,0.9682496786117554
브루잉 세레모니,미니멀,0.9417809844017029,레트로,0.9915757179260254
브루잉 세레모니,캐주얼,0.9342213869094849,로맨틱,0.9880732893943787
브루잉 세레모니,걸리시,0.932469367980957,시티보이,0.9871477484703064
브루잉 세레모니,고프코어,0.928628146648407,클래식,0.9839153289794922
브루잉 세레모니,시티보이,0.9214064478874207,스트릿,0.9837415814399719
브루잉 세레모니,레트로,0.9186030030250549,시크,0.9821822047233582
브루잉 세레모니,로맨틱,0.9181033372879028,고프코어,0.9818153381347656
브루잉 세레모니,클래식,0.9032057523727417,미니멀,0.9814347624778748
브루잉 세레모니,시크,0.8934807777404785,스포티,0.9774891138076782
브루잉 세레모니,스포티,0.8901640772819519,캐주얼,0.9750292301177979
브루잉 세레모니,스트릿,0.8883695006370544,걸리시,0.9729710817337036
브루잉 세레모니,워크웨어,0.8807846903800964,워크웨어,0.9638348817825317
투달러스커피,미니멀,0.9360949397087097,걸리시,0.9833627343177795
투달러스커피,캐주얼,0.9292027950286865,미니멀,0.9731646776199341
투달러스커피,걸리시,0.9229217171669006,캐주얼,0.9717139601707458
투달러스커피,고프코어,0.9204181432723999,로맨틱,0.9686780571937561
투달러스커피,시티보이,0.9110122323036194,고프코어,0.9679620265960693
투달러스커피,레트로,0.9075631499290466,시티보이,0.9635398387908936
투달러스커피,로맨틱,0.9046905040740967,레트로,0.9615567326545715
투달러스커피,클래식,0.8928500413894653,시크,0.9601265788078308
투달러스커피,시크,0.8828080296516418,스포티,0.9599691033363342
투달러스커피,스트릿,0.8758871555328369,워크웨어,0.957021951675415
투달러스커피,스포티,0.8752650022506714,클래식,0.9546880125999451
투달러스커피,워크웨어,0.8705536127090454,스트릿,0.9521691799163818
스텀필즈커피,미니멀,0.9408034682273865,미니멀,0.9885277152061462
스텀필즈커피,캐주얼,0.9322317838668823,걸리시,0.9874413013458252
스텀필즈커피,걸리시,0.9303601980209351,고프코어,0.9872541427612305
스텀필즈커피,고프코어,0.9264721870422363,로맨틱,0.9862670302391052
스텀필즈커피,시티보이,0.9179770350456238,시티보이,0.9851866364479065
스텀필즈커피,레트로,0.9160916209220886,캐주얼,0.9835702776908875
스텀필즈커피,로맨틱,0.9145292639732361,레트로,0.9833647012710571
스텀필즈커피,클래식,0.9015327095985413,클래식,0.9780058860778809
스텀필즈커피,시크,0.8913800120353699,스포티,0.9767130613327026
스텀필즈커피,스포티,0.8879473209381104,시크,0.9764365553855896
스텀필즈커피,스트릿,0.8871216177940369,스트릿,0.9764038324356079
스텀필즈커피,워크웨어,0.8822155594825745,워크웨어,0.9667790532112122
카페아모렘,미니멀,0.9423974752426147,로맨틱,0.9852606654167175
카페아모렘,캐주얼,0.9367625117301941,미니멀,0.9836719632148743
카페아모렘,걸리시,0.9330152273178101,걸리시,0.9831513166427612
카페아모렘,고프코어,0.9265091419219971,레트로,0.9822291731834412
카페아모렘,시티보이,0.9184082746505737,고프코어,0.9813184142112732
카페아모렘,레트로,0.9165756702423096,시티보이,0.980040431022644
카페아모렘,로맨틱,0.9148353338241577,캐주얼,0.978524923324585
카페아모렘,클래식,0.9053614735603333,스포티,0.9778939485549927
카페아모렘,시크,0.8949284553527832,스트릿,0.971118688583374
카페아모렘,스트릿,0.8869999051094055,클래식,0.9697414636611938
카페아모렘,스포티,0.8845773339271545,시크,0.9695822596549988
카페아모렘,워크웨어,0.8806653618812561,워크웨어,0.9597786068916321
팔롬비니,미니멀,0.9466897249221802,로맨틱,0.9870891571044922
팔롬비니,캐주얼,0.9378036260604858,시티보이,0.9847541451454163
팔롬비니,걸리시,0.9362974762916565,고프코어,0.9836606979370117
팔롬비니,고프코어,0.934443473815918,미니멀,0.9822478294372559
팔롬비니,시티보이,0.9267787933349609,레트로,0.980798065662384
팔롬비니,레트로,0.9230246543884277,걸리시,0.9795444011688232
팔롬비니,로맨틱,0.9211015701293945,스포티,0.9792370796203613
팔롬비니,클래식,0.907562255859375,스트릿,0.9777097702026367
팔롬비니,시크,0.8966271877288818,캐주얼,0.97334223985672
팔롬비니,스포티,0.8937840461730957,클래식,0.9723589420318604
팔롬비니,스트릿,0.892828643321991,시크,0.9712710976600647
팔롬비니,워크웨어,0.8839251399040222,워크웨어,0.9654498100280762
도렐 성수점,미니멀,0.942202091217041,레트로,0.989086389541626
도렐 성수점,캐주얼,0.9353880286216736,로맨틱,0.9845850467681885
도렐 성수점,걸리시,0.9292895793914795,시티보이,0.9830293655395508
도렐 성수점,고프코어,0.9228624105453491,클래식,0.9820817112922668
도렐 성수점,레트로,0.9161069393157959,시크,0.9798076152801514
도렐 성수점,시티보이,0.9158138632774353,고프코어,0.9797708988189697
도렐 성수점,로맨틱,0.9123935699462891,미니멀,0.977367103099823
도렐 성수점,클래식,0.9034342169761658,스트릿,0.9750492572784424
도렐 성수점,시크,0.8947256207466125,걸리시,0.973091721534729
도렐 성수점,스트릿,0.8862602710723877,캐주얼,0.9728320240974426
도렐 성수점,스포티,0.8809782266616821,스포티,0.9712097644805908
도렐 성수점,워크웨어,0.8799925446510315,워크웨어,0.9483076930046082
