상가업소번호,상호명,지점명,상권업종대분류코드,상권업종대분류명,상권업종중분류코드,상권업종중분류명,상권업종소분류코드,상권업종소분류명,표준산업분류코드,표준산업분류명,시도코드,시도명,시군구코드,시군구명,행정동코드,행정동명,법정동코드,법정동명,지번코드,대지구분코드,대지구분명,지번본번지,지번부번지,지번주소,도로명코드,도로명,건물본번지,건물부번지,건물관리번호,건물명,도로명주소,구우편번호,신우편번호,동정보,층정보,호정보,경도,위도
MA010120220805491379,카페메이,,I2,음식,I212,비알코올 ,I21201,카페,I56221,커피 전문점,11,서울특별시,11200,성동구,11200690,성수2가3동,1120011500,성수동2가,1.12E+18,1,대지,299,155,서울특별시 성동구 성수동2가 299-155,1.12E+11,서울특별시 성동구 성수일로12길,19,1,1.12E+24,,서울특별시 성동구 성수일로12길 19-1,133833,4792,,1,,127.0534169,37.5484204
MA010120220806390705,베티버,,I2,음식,I212,비알코올 ,I21201,카페,I56221,커피 전문점,11,서울특별시,11200,성동구,11200670,성수2가1동,1120011500,성수동2가,1.12E+18,1,대지,339,71,서울특별시 성동구 성수동2가 339-71,1.12E+11,서울특별시 성동구 성덕정11길,18,,1.12E+24,,서울특별시 성동구 성덕정11길 18,133828,4775,,1,,127.053175,37.53891238
MA010120220806430791,Pauline CoffeeBar,,I2,음식,I212,비알코올 ,I21201,카페,I56221,커피 전문점,11,서울특별시,11200,성동구,11200690,성수2가3동,1120011500,성수동2가,1.12E+18,1,대지,301,8,서울특별시 성동구 성수동2가 301-8,1.12E+11,서울특별시 성동구 연무장3길,13,,1.12E+24,,서울특별시 성동구 연무장3길 13,133835,4782,,1,,127.0516394,37.54490105
MA010120220806434462,로우커피스탠드,,I2,음식,I212,비알코올 ,I21201,카페,I56221,커피 전문점,11,서울특별시,11200,성동구,11200670,성수2가1동,1120011500,성수동2가,1.12E+18,1,대지,272,30,서울특별시 성동구 성수동2가 272-30,1.12E+11,서울특별시 성동구 연무장길,94,,1.12E+24,,서울특별시 성동구 연무장길 94,133121,4785,,1,,127.0595185,37.54107153
MA010120220806684244,훔볼트,,I2,음식,I212,비알코올 ,I21201,카페,I56221,커피 전문점,11,서울특별시,11200,성동구,11200670,성수2가1동,1120011500,성수동2가,1.12E+18,1,대지,325,17,서울특별시 성동구 성수동2가 325-17,1.12E+11,서울특별시 성동구 성수이로,58,,1.12E+24,P-TOWER,서울특별시 성동구 성수이로 58,133827,4784,,2,,127.0555365,37.54008464
MA010120220806760736,에이투비 Cafe&Bar,,I2,음식,I212,비알코올 ,I21201,카페,I56221,커피 전문점,11,서울특별시,11200,성동구,11200690,성수2가3동,1120011500,성수동2가,1.12E+18,1,대지,277,56,서울특별시 성동구 성수동2가 277-56,1.12E+11,서울특별시 성동구 아차산로,135,,1.12E+24,,서울특별시 성동구 아차산로 135,133832,4797,,2,,127.0589507,37.54393235
MA010120220806838361,스테치,,I2,음식,I212,비알코올 ,I21201,카페,I56221,커피 전문점,11,서울특별시,11200,성동구,11200690,성수2가3동,1120011500,성수동2가,1.12E+18,1,대지,315,12,서울특별시 성동구 성수동2가 315-12,1.12E+11,서울특별시 성동구 연무장9길,6,,1.12E+24,,서울특별시 성동구 연무장9길 6,133835,4782,,2,,127.0559206,37.5428269
MA010120220806839642,309디저트카페,,I2,음식,I212,비알코올 ,I21201,카페,I56221,커피 전문점,11,서울특별시,11200,성동구,11200670,성수2가1동,1120011500,성수동2가,1.12E+18,1,대지,309,144,서울특별시 성동구 성수동2가 309-144,1.12E+11,서울특별시 성동구 성수이로7길,24,,1.12E+24,신원지기공업사,서울특별시 성동구 성수이로7길 24,133827,4781,,1,,127.0543871,37.54149009
MA010120220806968029,앤드밀 성수점,,I2,음식,I212,비알코올 ,I21201,카페,I56221,커피 전문점,11,서울특별시,11200,성동구,11200690,성수2가3동,1120011500,성수동2가,1.12E+18,1,대지,301,18,서울특별시 성동구 성수동2가 301-18,1.12E+11,서울특별시 성동구 연무장3길,5,1,1.12E+24,,서울특별시 성동구 연무장3길 5-1,133835,4782,,3,,127.0513425,37.54422288
MA010120220807980608,BNHR,,I2,음식,I212,비알코올 ,I21201,카페,I56221,커피 전문점,11,서울특별시,11200,성동구,11200690,성수2가3동,1120011500,성수동2가,1.12E+18,1,대지,302,8,서울특별시 성동구 성수동2가 302-8,1.12E+11,서울특별시 성동구 연무장5길,9,16,1.12E+24,블루스톤타워,서울특별시 성동구 연무장5길 9-16,133835,4782,,1,,127.0526412,37.54443154
MA010120220808037206,젤라또투유,,I2,음식,I212,비알코올 ,I21201,카페,I56221,커피 전문점,11,서울특별시,11200,성동구,11200670,성수2가1동,1120011500,성수동2가,1.12E+18,1,대지,339,137,서울특별시 성동구 성수동2가 339-137,1.12E+11,서울특별시 성동구 성수이로7길,1,,1.12E+24,,서울특별시 성동구 성수이로7길 1,133828,4781,,1,,127.0549102,37.53949394
MA010120220808041684,마를리,,I2,음식,I212,비알코올 ,I21201,카페,I56229,기타 비알코올 음료점업,11,서울특별시,11200,성동구,11200690,성수2가3동,1120011500,성수동2가,1.12E+18,1,대지,315,55,서울특별시 성동구 성수동2가 315-55,1.12E+11,서울특별시 성동구 연무장길,47,,1.12E+24,조은빌딩,서울특별시 성동구 연무장길 47,133835,4782,,1,,127.0547215,37.54279028
MA010120220808008733,커피코코,,I2,음식,I212,비알코올 ,I21201,카페,I56229,기타 비알코올 음료점업,11,서울특별시,11200,성동구,11200690,성수2가3동,1120011500,성수동2가,1.12E+18,1,대지,278,35,서울특별시 성동구 성수동2가 278-35,1.12E+11,서울특별시 성동구 아차산로13길,31,,1.12E+24,,서울특별시 성동구 아차산로13길 31,133832,4796,,1,,127.0614843,37.54583571
MA010120220808154628,치카치카,,I2,음식,I212,비알코올 ,I21201,카페,I56221,커피 전문점,11,서울특별시,11200,성동구,11200670,성수2가1동,1120011500,성수동2가,1.12E+18,1,대지,512,,서울특별시 성동구 성수동2가 512,1.12E+11,서울특별시 성동구 성수이로3길,16,,1.12E+24,,서울특별시 성동구 성수이로3길 16,133828,4775,,1,,127.0528696,37.53711684
MA010120220808178781,엣모스피어,,I2,음식,I212,비알코올 ,I21201,카페,I56221,커피 전문점,11,서울특별시,11200,성동구,11200690,성수2가3동,1120011500,성수동2가,1.12E+18,1,대지,277,114,서울특별시 성동구 성수동2가 277-114,1.12E+11,서울특별시 성동구 아차산로17길,11,,1.12E+24,,서울특별시 성동구 아차산로17길 11,133832,4798,,1,,127.0637434,37.54345685
MA010120220808592418,어니언 성수,,I2,음식,I212,비알코올 ,I21201,카페,I56221,커피 전문점,11,서울특별시,11200,성동구,11200690,성수2가3동,1120011500,성수동2가,1.12E+18,1,대지,277,135,서울특별시 성동구 성수동2가 277-135,1.12E+11,서울특별시 성동구 아차산로9길,8,,1.12E+24,,서울특별시 성동구 아차산로9길 8,133832,4797,,2,,127.0581034,37.54471852
MA010120220808594732,레이더 성수,,I2,음식,I212,비알코올 ,I21201,카페,I56221,커피 전문점,11,서울특별시,11200,성동구,11200690,성수2가3동,1120011500,성수동2가,1.12E+18,1,대지,316,37,서울특별시 성동구 성수동2가 316-37,1.12E+11,서울특별시 성동구 연무장길,39,29,1.12E+24,,서울특별시 성동구 연무장길 39-29,133835,4782,,1,,127.0540095,37.54361354
MA010120220808562367,쎈느Scene,,I2,음식,I212,비알코올 ,I21201,카페,I56221,커피 전문점,11,서울특별시,11200,성동구,11200690,성수2가3동,1120011500,성수동2가,1.12E+18,1,대지,314,2,서울특별시 성동구 성수동2가 314-2,1.12E+11,서울특별시 성동구 연무장5길,20,,1.12E+24,,서울특별시 성동구 연무장5길 20,133835,4782,,,,127.0534276,37.54488837
MA010120220808556406,카페크라비,,I2,음식,I212,비알코올 ,I21201,카페,I56221,커피 전문점,11,서울특별시,11200,성동구,11200690,성수2가3동,1120011500,성수동2가,1.12E+18,1,대지,280,22,서울특별시 성동구 성수동2가 280-22,1.12E+11,서울특별시 성동구 아차산로13길,48,,1.12E+24,신원개발,서울특별시 성동구 아차산로13길 48,133832,4799,,1,,127.0627529,37.54664772
MA010120220808771072,아이오쓰리 에이스하이엔드점,,I2,음식,I212,비알코올 ,I21201,카페,I56221,커피 전문점,11,서울특별시,11200,성동구,11200690,성수2가3동,1120011500,성수동2가,1.12E+18,1,대지,275,54,서울특별시 성동구 성수동2가 275-54,1.12E+11,서울특별시 성동구 성수이로20길,60,,1.12E+24,,서울특별시 성동구 성수이로20길 60,133831,4787,,1,,127.0631322,37.54165891
MA010120220808699566,라니커피,,I2,음식,I212,비알코올 ,I21201,카페,I56221,커피 전문점,11,서울특별시,11200,성동구,11200690,성수2가3동,1120011500,성수동2가,1.12E+18,1,대지,316,29,서울특별시 성동구 성수동2가 316-29,1.12E+11,서울특별시 성동구 연무장5가길,14,,1.12E+24,,서울특별시 성동구 연무장5가길 14,133835,4782,,1,,127.0541349,37.54354246
MA010120220808687028,카멜커피 성수점,,I2,음식,I212,비알코올 ,I21201,카페,I56221,커피 전문점,11,서울특별시,11200,성동구,11200670,성수2가1동,1120011500,성수동2가,1.12E+18,1,대지,570,1,서울특별시 성동구 성수동2가 570-1,1.12E+11,서울특별시 성동구 성덕정19길,6,,1.12E+24,나사로교회,서울특별시 성동구 성덕정19길 6,133829,4776,,1,,127.0559006,37.53723122
MA010120220809135972,스프레이하우스,,I2,음식,I212,비알코올 ,I21201,카페,I56221,커피 전문점,11,서울특별시,11200,성동구,11200690,성수2가3동,1120011500,성수동2가,1.12E+18,1,대지,301,27,서울특별시 성동구 성수동2가 301-27,1.12E+11,서울특별시 성동구 연무장1길,8,5,1.12E+24,삼화연립,서울특별시 성동구 연무장1길 8-5,133835,4782,,1,,127.0504893,37.54457644
MA010120220810021566,단과자,,I2,음식,I212,비알코올 ,I21201,카페,I56221,커피 전문점,11,서울특별시,11200,성동구,11200670,성수2가1동,1120011500,성수동2가,1.12E+18,1,대지,269,133,서울특별시 성동구 성수동2가 269-133,1.12E+11,서울특별시 성동구 뚝섬로,430,,1.12E+24,,서울특별시 성동구 뚝섬로 430,133826,4777,,2,,127.0581217,37.53787068
MA010120220810162578,럭럭카페,,I2,음식,I212,비알코올 ,I21201,카페,I56221,커피 전문점,11,서울특별시,11200,성동구,11200670,성수2가1동,1120011500,성수동2가,1.12E+18,1,대지,566,35,서울특별시 성동구 성수동2가 566-35,1.12E+11,서울특별시 성동구 성덕정17길,4,,1.12E+24,,서울특별시 성동구 성덕정17길 4,133829,4776,,1,,127.0553534,37.53755122
MA010120220810115852,야페,,I2,음식,I212,비알코올 ,I21201,카페,I56221,커피 전문점,11,서울특별시,11200,성동구,11200670,성수2가1동,1120011500,성수동2가,1.12E+18,1,대지,269,63,서울특별시 성동구 성수동2가 269-63,1.12E+11,서울특별시 성동구 뚝섬로17가길,48,,1.12E+24,성수에이원지식산업센터,서울특별시 성동구 뚝섬로17가길 48,133826,4785,,1,,127.0595223,37.5407652
MA010120220810314567,프레이커피바,,I2,음식,I212,비알코올 ,I21201,카페,I56221,커피 전문점,11,서울특별시,11200,성동구,11200670,성수2가1동,1120011500,성수동2가,1.12E+18,1,대지,204,2,서울특별시 성동구 성수동2가 204-2,1.12E+11,서울특별시 성동구 성덕정길,152,,1.12E+24,,서울특별시 성동구 성덕정길 152,133826,4777,,1,,127.0601783,37.53628319
MA010120220810303848,더하나누,,I2,음식,I212,비알코올 ,I21201,카페,I56221,커피 전문점,11,서울특별시,11200,성동구,11200670,성수2가1동,1120011500,성수동2가,1.12E+18,1,대지,328,55,서울특별시 성동구 성수동2가 328-55,1.12E+11,서울특별시 성동구 뚝섬로,417,,1.12E+24,예진빌딩,서울특별시 성동구 뚝섬로 417,133827,4784,,1,,127.0569939,37.53846538
MA010120220810267576,아크밸리서비스,,I2,음식,I212,비알코올 ,I21201,카페,I56221,커피 전문점,11,서울특별시,11200,성동구,11200690,성수2가3동,1120011500,성수동2가,1.12E+18,1,대지,277,43,서울특별시 성동구 성수동2가 277-43,1.12E+11,서울특별시 성동구 성수이로22길,37,,1.12E+24,성수동아크벨리,서울특별시 성동구 성수이로22길 37,133832,4798,,1,,127.0612934,37.54391495
MA010120220810431803,러프러프,,I2,음식,I212,비알코올 ,I21201,카페,I56221,커피 전문점,11,서울특별시,11200,성동구,11200690,성수2가3동,1120011500,성수동2가,1.12E+18,1,대지,271,24,서울특별시 성동구 성수동2가 271-24,1.12E+11,서울특별시 성동구 연무장길,81,,1.12E+24,남경빌딩,서울특별시 성동구 연무장길 81,133831,4783,,,,127.0582551,37.54165616
MA010120220810584726,얌커피,,I2,음식,I212,비알코올 ,I21201,카페,I56221,커피 전문점,11,서울특별시,11200,성동구,11200690,성수2가3동,1120011500,성수동2가,1.12E+18,1,대지,279,50,서울특별시 성동구 성수동2가 279-50,1.12E+11,서울특별시 성동구 동일로,143,,1.12E+24,성수1차대우아파트,서울특별시 성동구 동일로 143,133832,4799,,1,,127.0653257,37.54542466
MA010120220810575059,스펑크커피,,I2,음식,I212,비알코올 ,I21201,카페,I56221,커피 전문점,11,서울특별시,11200,성동구,11200670,성수2가1동,1120011500,성수동2가,1.12E+18,1,대지,264,6,서울특별시 성동구 성수동2가 264-6,1.12E+11,서울특별시 성동구 성덕정19길,23,,1.12E+24,,서울특별시 성동구 성덕정19길 23,133826,4777,,1,,127.0578742,37.53775157
MA010120220811481089,스트랏,,I2,음식,I212,비알코올 ,I21201,카페,I56221,커피 전문점,11,서울특별시,11200,성동구,11200690,성수2가3동,1120011500,성수동2가,1.12E+18,1,대지,315,107,서울특별시 성동구 성수동2가 315-107,1.12E+11,서울특별시 성동구 성수이로,93,,1.12E+24,충무전자,서울특별시 성동구 성수이로 93,133835,4782,,1,,127.0565468,37.54341759
MA010120220811368660,오프커피,,I2,음식,I212,비알코올 ,I21201,카페,I56221,커피 전문점,11,서울특별시,11200,성동구,11200690,성수2가3동,1120011500,성수동2가,1.12E+18,1,대지,316,5,서울특별시 성동구 성수동2가 316-5,1.12E+11,서울특별시 성동구 연무장길,29,17,1.12E+24,,서울특별시 성동구 연무장길 29-17,133835,4782,,1,,127.052663,37.54360275
MA010120220811758296,카페엘든,,I2,음식,I212,비알코올 ,I21201,카페,I56221,커피 전문점,11,서울특별시,11200,성동구,11200670,성수2가1동,1120011500,성수동2가,1.12E+18,1,대지,236,101,서울특별시 성동구 성수동2가 236-101,1.12E+11,서울특별시 성동구 뚝섬로15길,28,,1.12E+24,,서울특별시 성동구 뚝섬로15길 28,133826,4786,,1,,127.0615027,37.53895183
MA010120220811782842,크레송,,I2,음식,I212,비알코올 ,I21201,카페,I56229,기타 비알코올 음료점업,11,서울특별시,11200,성동구,11200690,성수2가3동,1120011500,성수동2가,1.12E+18,1,대지,835,,서울특별시 성동구 성수동2가 835,1.12E+11,서울특별시 성동구 성수일로8길,47,,1.12E+24,성수동롯데캐슬파크,서울특별시 성동구 성수일로8길 47,133725,4794,,,,127.0555765,37.54677976
MA010120220811878847,업.사이드,,I2,음식,I212,비알코올 ,I21201,카페,I56221,커피 전문점,11,서울특별시,11200,성동구,11200690,성수2가3동,1120011500,성수동2가,1.12E+18,1,대지,273,47,서울특별시 성동구 성수동2가 273-47,1.12E+11,서울특별시 성동구 연무장13길,3,,1.12E+24,,서울특별시 성동구 연무장13길 3,133831,4783,,1,,127.0579113,37.54199581
MA010120220812165247,커피나인컴퍼니,,I2,음식,I212,비알코올 ,I21201,카페,M71531,경영 컨설팅업,11,서울특별시,11200,성동구,11200690,성수2가3동,1120011500,성수동2가,1.12E+18,1,대지,273,19,서울특별시 성동구 성수동2가 273-19,1.12E+11,서울특별시 성동구 연무장13길,9,,1.12E+24,아이템플,서울특별시 성동구 연무장13길 9,133831,4783,,,,127.0581983,37.54257477
MA010120220812133707,"카페,바로",,I2,음식,I212,비알코올 ,I21201,카페,I56221,커피 전문점,11,서울특별시,11200,성동구,11200690,성수2가3동,1120011500,성수동2가,1.12E+18,1,대지,279,44,서울특별시 성동구 성수동2가 279-44,1.12E+11,서울특별시 성동구 동일로,133,,1.12E+24,,서울특별시 성동구 동일로 133,133832,4799,,1,,127.0648973,37.54439407
MA010120220812324733,성수도시개발,,I2,음식,I212,비알코올 ,I21201,카페,I56221,커피 전문점,11,서울특별시,11200,성동구,11200690,성수2가3동,1120011500,성수동2가,1.12E+18,1,대지,317,23,서울특별시 성동구 성수동2가 317-23,1.12E+11,서울특별시 성동구 성수이로20길,3,,1.12E+24,세종빌딩,서울특별시 성동구 성수이로20길 3,133835,4783,,6,,127.057154,37.5437288
MA010120220812441548,어퍼룸,,I2,음식,I212,비알코올 ,I21201,카페,I56221,커피 전문점,11,서울특별시,11200,성동구,11200690,성수2가3동,1120011500,성수동2가,1.12E+18,1,대지,299,156,서울특별시 성동구 성수동2가 299-156,1.12E+11,서울특별시 성동구 성수일로12길,21,,1.12E+24,,서울특별시 성동구 성수일로12길 21,133833,4792,,1,,127.0535647,37.54836752
MA010120220812493243,그레이박스카페,,I2,음식,I212,비알코올 ,I21201,카페,I56221,커피 전문점,11,서울특별시,11200,성동구,11200690,성수2가3동,1120011500,성수동2가,1.12E+18,1,대지,277,101,서울특별시 성동구 성수동2가 277-101,1.12E+11,서울특별시 성동구 아차산로13길,16,,1.12E+24,성수동램킨중흥S클래스오피스텔,서울특별시 성동구 아차산로13길 16,133832,4798,,1,,127.0613747,37.54464545
MA010120220812594063,성수동대림창고갤러리,,I2,음식,I212,비알코올 ,I21201,카페,I56221,커피 전문점,11,서울특별시,11200,성동구,11200670,성수2가1동,1120011500,성수동2가,1.12E+18,1,대지,322,32,서울특별시 성동구 성수동2가 322-32,1.12E+11,서울특별시 성동구 성수이로,78,,1.12E+24,대림창고,서울특별시 성동구 성수이로 78,133827,4784,,,,127.0566259,37.54163414
MA010120220812553079,유스트레스,,I2,음식,I212,비알코올 ,I21201,카페,I56221,커피 전문점,11,서울특별시,11200,성동구,11200690,성수2가3동,1120011500,성수동2가,1.12E+18,1,대지,315,39,서울특별시 성동구 성수동2가 315-39,1.12E+11,서울특별시 성동구 연무장7가길,9,,1.12E+24,,서울특별시 성동구 연무장7가길 9,133835,4782,,1,,127.0554655,37.54302149
MA010120220812522575,리브릭,,I2,음식,I212,비알코올 ,I21201,카페,I56221,커피 전문점,11,서울특별시,11200,성동구,11200670,성수2가1동,1120011500,성수동2가,1.12E+18,1,대지,269,146,서울특별시 성동구 성수동2가 269-146,1.12E+11,서울특별시 성동구 뚝섬로15길,29,,1.12E+24,146빌딩,서울특별시 성동구 뚝섬로15길 29,133826,4786,,1,,127.0616583,37.53917833
MA010120220812831029,트리운드,,I2,음식,I212,비알코올 ,I21201,카페,I56221,커피 전문점,11,서울특별시,11200,성동구,11200670,성수2가1동,1120011500,성수동2가,1.12E+18,1,대지,565,4,서울특별시 성동구 성수동2가 565-4,1.12E+11,서울특별시 성동구 성덕정길,101,2,1.12E+24,,서울특별시 성동구 성덕정길 101-2,133828,4776,,2,,127.0548445,37.53752913
MA010120220812785869,커피베이,,I2,음식,I212,비알코올 ,I21201,카페,I56221,커피 전문점,11,서울특별시,11200,성동구,11200670,성수2가1동,1120011500,성수동2가,1.12E+18,1,대지,333,15,서울특별시 성동구 성수동2가 333-15,1.12E+11,서울특별시 성동구 성수이로7길,7,,1.12E+24,서울숲한라시그마밸리Ⅱ,서울특별시 성동구 성수이로7길 7,133827,4781,,,,127.0544425,37.53979655
MA010120220812886695,턴온,,I2,음식,I212,비알코올 ,I21201,카페,I56221,커피 전문점,11,서울특별시,11200,성동구,11200690,성수2가3동,1120011500,성수동2가,1.12E+18,1,대지,302,24,서울특별시 성동구 성수동2가 302-24,1.12E+11,서울특별시 성동구 연무장3길,14,,1.12E+24,,서울특별시 성동구 연무장3길 14,133835,4782,,1,,127.0518223,37.54475835
MA010120220812952684,굴림,,I2,음식,I212,비알코올 ,I21201,카페,I56221,커피 전문점,11,서울특별시,11200,성동구,11200670,성수2가1동,1120011500,성수동2가,1.12E+18,1,대지,520,2,서울특별시 성동구 성수동2가 520-2,1.12E+11,서울특별시 성동구 성수이로5길,1,,1.12E+24,,서울특별시 성동구 성수이로5길 1,133828,4775,,1,,127.0535592,37.53626637
MA010120220813235639,하루앤원데이,,I2,음식,I212,비알코올 ,I21201,카페,I56221,커피 전문점,11,서울특별시,11200,성동구,11200690,성수2가3동,1120011500,성수동2가,1.12E+18,1,대지,314,5,서울특별시 성동구 성수동2가 314-5,1.12E+11,서울특별시 성동구 아차산로,92,,1.12E+24,STOWER,서울특별시 성동구 아차산로 92,133835,4782,,1,,127.0542216,37.54474155
MA010120220813272981,플록스phlox,,I2,음식,I212,비알코올 ,I21201,카페,I56221,커피 전문점,11,서울특별시,11200,성동구,11200670,성수2가1동,1120011500,성수동2가,1.12E+18,1,대지,532,37,서울특별시 성동구 성수동2가 532-37,1.12E+11,서울특별시 성동구 성덕정길,92,2,1.12E+24,,서울특별시 성동구 성덕정길 92-2,133828,4775,,1,,127.0537577,37.53757448
MA010120220813377328,반디자인,,I2,음식,I212,비알코올 ,I21201,카페,I56221,커피 전문점,11,서울특별시,11200,성동구,11200690,성수2가3동,1120011500,성수동2가,1.12E+18,1,대지,273,52,서울특별시 성동구 성수동2가 273-52,1.12E+11,서울특별시 성동구 아차산로,126,,1.12E+24,더리브세종타워,서울특별시 성동구 아차산로 126,133831,4783,,,,127.0580396,37.54349258
MA010120220813262999,뿐또블루,,I2,음식,I212,비알코올 ,I21201,카페,I56221,커피 전문점,11,서울특별시,11200,성동구,11200690,성수2가3동,1120011500,성수동2가,1.12E+18,1,대지,19,7,서울특별시 성동구 성수동2가 19-7,1.12E+11,서울특별시 성동구 성수이로22길,61,,1.12E+24,,서울특별시 성동구 성수이로22길 61,133831,4798,,1,,127.0638944,37.54314268
MA010120220813396182,아쿠아산타성수카페,,I2,음식,I212,비알코올 ,I21201,카페,I56221,커피 전문점,11,서울특별시,11200,성동구,11200690,성수2가3동,1120011500,성수동2가,1.12E+18,1,대지,271,24,서울특별시 성동구 성수동2가 271-24,1.12E+11,서울특별시 성동구 연무장길,81,,1.12E+24,남경빌딩,서울특별시 성동구 연무장길 81,133831,4783,,1,,127.0582551,37.54165616
MA010120220813905617,어페어커피,,I2,음식,I212,비알코올 ,I21201,카페,I56221,커피 전문점,11,서울특별시,11200,성동구,11200670,성수2가1동,1120011500,성수동2가,1.12E+18,1,대지,559,4,서울특별시 성동구 성수동2가 559-4,1.12E+11,서울특별시 성동구 성수이로6길,11,,1.12E+24,,서울특별시 성동구 성수이로6길 11,133828,4776,,1,,127.0550249,37.53668358
MA010120220813832434,진혁,,I2,음식,I212,비알코올 ,I21201,카페,I56221,커피 전문점,11,서울특별시,11200,성동구,11200690,성수2가3동,1120011500,성수동2가,1.12E+18,1,대지,315,74,서울특별시 성동구 성수동2가 315-74,1.12E+11,서울특별시 성동구 성수일로6길,47,,1.12E+24,현성빌딩,서울특별시 성동구 성수일로6길 47,133835,4782,,1,,127.0552231,37.54429003
MA010120220813832725,뚝도청춘상인회협동조합,,I2,음식,I212,비알코올 ,I21201,카페,I56229,기타 비알코올 음료점업,11,서울특별시,11200,성동구,11200670,성수2가1동,1120011500,성수동2가,1.12E+18,1,대지,335,111,서울특별시 성동구 성수동2가 335-111,1.12E+11,서울특별시 성동구 성덕정15길,4,4,1.12E+24,,서울특별시 성동구 성덕정15길 4-4,133828,4775,,,,127.0538434,37.53795361
MA010120220813994310,앙골로에스프레소,,I2,음식,I212,비알코올 ,I21201,카페,I56221,커피 전문점,11,서울특별시,11200,성동구,11200670,성수2가1동,1120011500,성수동2가,1.12E+18,1,대지,328,7,서울특별시 성동구 성수동2가 328-7,1.12E+11,서울특별시 성동구 뚝섬로11길,19,1,1.12E+24,,서울특별시 성동구 뚝섬로11길 19-1,133827,4784,,1,,127.0563078,37.53993762
MA010120220813948186,커피식구성수센터,,I2,음식,I212,비알코올 ,I21201,카페,I56221,커피 전문점,11,서울특별시,11200,성동구,11200690,성수2가3동,1120011500,성수동2가,1.12E+18,1,대지,278,35,서울특별시 성동구 성수동2가 278-35,1.12E+11,서울특별시 성동구 아차산로13길,31,,1.12E+24,,서울특별시 성동구 아차산로13길 31,133832,4796,,1,,127.0614843,37.54583571
MA010120220813942954,카페페를,,I2,음식,I212,비알코올 ,I21201,카페,I56221,커피 전문점,11,서울특별시,11200,성동구,11200690,성수2가3동,1120011500,성수동2가,1.12E+18,1,대지,299,220,서울특별시 성동구 성수동2가 299-220,1.12E+11,서울특별시 성동구 광나루로2길,34,,1.12E+24,보성빌딩,서울특별시 성동구 광나루로2길 34,133833,4792,,1,,127.0548569,37.54819766
MA010120220814110828,창창커피,,I2,음식,I212,비알코올 ,I21201,카페,I56221,커피 전문점,11,서울특별시,11200,성동구,11200670,성수2가1동,1120011500,성수동2가,1.12E+18,1,대지,321,21,서울특별시 성동구 성수동2가 321-21,1.12E+11,서울특별시 성동구 성수일로4가길,2,,1.12E+24,,서울특별시 성동구 성수일로4가길 2,133827,4781,,1,,127.0539611,37.54207236
MA010120220814040125,카페포제,,I2,음식,I212,비알코올 ,I21201,카페,I56221,커피 전문점,11,서울특별시,11200,성동구,11200690,성수2가3동,1120011500,성수동2가,1.12E+18,1,대지,315,41,서울특별시 성동구 성수동2가 315-41,1.12E+11,서울특별시 성동구 연무장9길,7,,1.12E+24,,서울특별시 성동구 연무장9길 7,133835,4782,,1,,127.0557154,37.5429424
MA010120220814243676,어커,,I2,음식,I212,비알코올 ,I21201,카페,I56221,커피 전문점,11,서울특별시,11200,성동구,11200690,성수2가3동,1120011500,성수동2가,1.12E+18,1,대지,299,129,서울특별시 성동구 성수동2가 299-129,1.12E+11,서울특별시 성동구 광나루로4길,12,,1.12E+24,,서울특별시 성동구 광나루로4길 12,133833,4792,,1,,127.0534839,37.54938506
MA010120220814222502,온유,,I2,음식,I212,비알코올 ,I21201,카페,I56221,커피 전문점,11,서울특별시,11200,성동구,11200690,성수2가3동,1120011500,성수동2가,1.12E+18,1,대지,289,204,서울특별시 성동구 성수동2가 289-204,1.12E+11,서울특별시 성동구 아차산로7길,42,1,1.12E+24,,서울특별시 성동구 아차산로7길 42-1,133834,4795,,1,,127.0558907,37.5487826
MA010120220814202673,차일디쉬,,I2,음식,I212,비알코올 ,I21201,카페,I56221,커피 전문점,11,서울특별시,11200,성동구,11200670,성수2가1동,1120011500,성수동2가,1.12E+18,1,대지,275,12,서울특별시 성동구 성수동2가 275-12,1.12E+11,서울특별시 성동구 연무장길,114,,1.12E+24,,서울특별시 성동구 연무장길 114,133121,4786,,2,,127.0615403,37.54046589
MA0101202302A0015736,오푸,,I2,음식,I212,비알코올 ,I21201,카페,I56221,커피 전문점,11,서울특별시,11200,성동구,11200670,성수2가1동,1120011500,성수동2가,1.12E+18,1,대지,331,27,서울특별시 성동구 성수동2가 331-27,1.12E+11,서울특별시 성동구 뚝섬로,408,7,1.12E+24,,서울특별시 성동구 뚝섬로 408-7,133827,4776,,,,127.0555457,37.53845381
MA0101202210A0079487,모센즈스위트,,I2,음식,I212,비알코올 ,I21201,카페,I56221,커피 전문점,11,서울특별시,11200,성동구,11200670,성수2가1동,1120011500,성수동2가,1.12E+18,1,대지,339,137,서울특별시 성동구 성수동2가 339-137,1.12E+11,서울특별시 성동구 성수이로7길,1,,1.12E+24,,서울특별시 성동구 성수이로7길 1,133828,4781,,1,,127.0549102,37.53949394
MA0101202210A0059891,어피스앤드피스,,I2,음식,I212,비알코올 ,I21201,카페,I56221,커피 전문점,11,서울특별시,11200,성동구,11200690,성수2가3동,1120011500,성수동2가,1.12E+18,1,대지,299,153,서울특별시 성동구 성수동2가 299-153,1.12E+11,서울특별시 성동구 성수일로12길,17,,1.12E+24,,서울특별시 성동구 성수일로12길 17,133833,4792,,1,,127.0531774,37.54856265
MA0101202210A0023610,에이치비씨,,I2,음식,I212,비알코올 ,I21201,카페,I56221,커피 전문점,11,서울특별시,11200,성동구,11200670,성수2가1동,1120011500,성수동2가,1.12E+18,1,대지,638,,서울특별시 성동구 성수동2가 638,1.12E+11,서울특별시 성동구 둘레15길,4,1,1.12E+24,,서울특별시 성동구 둘레15길 4-1,133829,4776,,1,,127.0554633,37.53511926
MA010120220800103422,선샤인비치,,I2,음식,I212,비알코올 ,I21201,카페,I56221,커피 전문점,11,서울특별시,11200,성동구,11200690,성수2가3동,1120011500,성수동2가,1.12E+18,1,대지,275,6,서울특별시 성동구 성수동2가 275-6,1.12E+11,서울특별시 성동구 동일로,83,,1.12E+24,삼보약국,서울특별시 성동구 동일로 83,133831,4787,,1,,127.0626056,37.54033919
MA010120220800147852,베러초이스,,I2,음식,I212,비알코올 ,I21201,카페,I56221,커피 전문점,11,서울특별시,11200,성동구,11200690,성수2가3동,1120011500,성수동2가,1.12E+18,1,대지,302,43,서울특별시 성동구 성수동2가 302-43,1.12E+11,서울특별시 성동구 연무장5길,9,13,1.12E+24,,서울특별시 성동구 연무장5길 9-13,133835,4782,,2,,127.0520904,37.54413878
MA010120220800451449,에젤커피,,I2,음식,I212,비알코올 ,I21201,카페,I56194,김밥 및 기타 간이 음식점업,11,서울특별시,11200,성동구,11200690,성수2가3동,1120011500,성수동2가,1.12E+18,1,대지,289,8,서울특별시 성동구 성수동2가 289-8,1.12E+11,서울특별시 성동구 성수이로,127,,1.12E+24,,서울특별시 성동구 성수이로 127,133834,4794,,1,,127.0573821,37.54628059
MA010120220800450670,라에비뉴,,I2,음식,I212,비알코올 ,I21201,카페,I56221,커피 전문점,11,서울특별시,11200,성동구,11200690,성수2가3동,1120011500,성수동2가,1.12E+18,1,대지,289,22,서울특별시 성동구 성수동2가 289-22,1.12E+11,서울특별시 성동구 아차산로7길,9,6,1.12E+24,,서울특별시 성동구 아차산로7길 9-6,133834,4793,,1,,127.0542146,37.54619219
MA010120220800407089,나드에프앤비,,I2,음식,I212,비알코올 ,I21201,카페,I56229,기타 비알코올 음료점업,11,서울특별시,11200,성동구,11200690,성수2가3동,1120011500,성수동2가,1.12E+18,1,대지,280,6,서울특별시 성동구 성수동2가 280-6,1.12E+11,서울특별시 성동구 아차산로17길,49,,1.12E+24,생각공장데시앙플렉스,서울특별시 성동구 아차산로17길 49,133832,4799,,,,127.0652638,37.54675773
MA010120220800376388,에이테르,,I2,음식,I212,비알코올 ,I21201,카페,I56221,커피 전문점,11,서울특별시,11200,성동구,11200670,성수2가1동,1120011500,성수동2가,1.12E+18,1,대지,339,137,서울특별시 성동구 성수동2가 339-137,1.12E+11,서울특별시 성동구 성수이로7길,1,,1.12E+24,,서울특별시 성동구 성수이로7길 1,133828,4781,,1,,127.0549102,37.53949394
MA010120220800606841,카페시벳,,I2,음식,I212,비알코올 ,I21201,카페,I56221,커피 전문점,11,서울특별시,11200,성동구,11200690,성수2가3동,1120011500,성수동2가,1.12E+18,1,대지,284,42,서울특별시 성동구 성수동2가 284-42,1.12E+11,서울특별시 성동구 성수일로10길,7,,1.12E+24,,서울특별시 성동구 성수일로10길 7,133833,4793,,1,,127.0518615,37.54792135
MA010120220800529574,리얼,,I2,음식,I212,비알코올 ,I21201,카페,I56221,커피 전문점,11,서울특별시,11200,성동구,11200690,성수2가3동,1120011500,성수동2가,1.12E+18,1,대지,277,129,서울특별시 성동구 성수동2가 277-129,1.12E+11,서울특별시 성동구 성수이로22길,31,,1.12E+24,,서울특별시 성동구 성수이로22길 31,133832,4797,,,,127.0605212,37.54412506
MA010120220800918324,로우키,,I2,음식,I212,비알코올 ,I21201,카페,I56221,커피 전문점,11,서울특별시,11200,성동구,11200690,성수2가3동,1120011500,성수동2가,1.12E+18,1,대지,302,16,서울특별시 성동구 성수동2가 302-16,1.12E+11,서울특별시 성동구 연무장3길,6,,1.12E+24,,서울특별시 성동구 연무장3길 6,133835,4782,,1,,127.0515579,37.54418857
MA010120220800851350,피카앤코피카성,,I2,음식,I212,비알코올 ,I21201,카페,I56221,커피 전문점,11,서울특별시,11200,성동구,11200690,성수2가3동,1120011500,성수동2가,1.12E+18,1,대지,273,13,서울특별시 성동구 성수동2가 273-13,1.12E+11,서울특별시 성동구 연무장15길,11,,1.12E+24,태광산업,서울특별시 성동구 연무장15길 11,133831,4783,,1,,127.0588855,37.54281453
MA010120220801070495,티앤에이,,I2,음식,I212,비알코올 ,I21201,카페,I56221,커피 전문점,11,서울특별시,11200,성동구,11200670,성수2가1동,1120011500,성수동2가,1.12E+18,1,대지,339,137,서울특별시 성동구 성수동2가 339-137,1.12E+11,서울특별시 성동구 성수이로7길,1,,1.12E+24,,서울특별시 성동구 성수이로7길 1,133828,4781,,1,,127.0549102,37.53949394
MA010120220801022061,니드,,I2,음식,I212,비알코올 ,I21201,카페,I56221,커피 전문점,11,서울특별시,11200,성동구,11200670,성수2가1동,1120011500,성수동2가,1.12E+18,1,대지,271,8,서울특별시 성동구 성수동2가 271-8,1.12E+11,서울특별시 성동구 연무장길,86,,1.12E+24,,서울특별시 성동구 연무장길 86,133121,4785,,2,,127.0587016,37.54124523
MA010120220801317270,힘이나커피,,I2,음식,I212,비알코올 ,I21201,카페,I56221,커피 전문점,11,서울특별시,11200,성동구,11200690,성수2가3동,1120011500,성수동2가,1.12E+18,1,대지,289,321,서울특별시 성동구 성수동2가 289-321,1.12E+11,서울특별시 성동구 성수이로,117,,1.12E+24,,서울특별시 성동구 성수이로 117,133834,4794,,1,,127.0569618,37.54551134
MA010120220802979113,높은산,,I2,음식,I212,비알코올 ,I21201,카페,I56229,기타 비알코올 음료점업,11,서울특별시,11200,성동구,11200670,성수2가1동,1120011500,성수동2가,1.12E+18,1,대지,535,2,서울특별시 성동구 성수동2가 535-2,1.12E+11,서울특별시 성동구 성수이로,18,1,1.12E+24,,서울특별시 성동구 성수이로 18-1,133828,4776,,1,,127.054129,37.53684761
MA010120220802910916,라스베이글,,I2,음식,I212,비알코올 ,I21201,카페,I56221,커피 전문점,11,서울특별시,11200,성동구,11200670,성수2가1동,1120011500,성수동2가,1.12E+18,1,대지,308,4,서울특별시 성동구 성수동2가 308-4,1.12E+11,서울특별시 성동구 성수일로4길,25,,1.12E+24,서울숲코오롱디지털타워,서울특별시 성동구 성수일로4길 25,133827,4781,,,,127.051851,37.54249695
MA010120220803011158,마르코스,,I2,음식,I212,비알코올 ,I21201,카페,I56221,커피 전문점,11,서울특별시,11200,성동구,11200690,성수2가3동,1120011500,성수동2가,1.12E+18,1,대지,278,49,서울특별시 성동구 성수동2가 278-49,1.12E+11,서울특별시 성동구 아차산로11길,26,,1.12E+24,우성강업,서울특별시 성동구 아차산로11길 26,133832,4796,,1,,127.0601157,37.54577977
MA010120220803061598,한강커피숍,,I2,음식,I212,비알코올 ,I21201,카페,I56221,커피 전문점,11,서울특별시,11200,성동구,11200670,성수2가1동,1120011500,성수동2가,1.12E+18,1,대지,246,13,서울특별시 성동구 성수동2가 246-13,1.12E+11,서울특별시 성동구 동일로,67,,1.12E+24,,서울특별시 성동구 동일로 67,133826,4786,,,,127.0618864,37.53903597
MA010120220803195209,언니커피,,I2,음식,I212,비알코올 ,I21201,카페,I56221,커피 전문점,11,서울특별시,11200,성동구,11200670,성수2가1동,1120011500,성수동2가,1.12E+18,1,대지,532,8,서울특별시 성동구 성수동2가 532-8,1.12E+11,서울특별시 성동구 성덕정길,98,,1.12E+24,,서울특별시 성동구 성덕정길 98,133828,4776,,1,,127.0544271,37.53742667
MA010120220803328469,파티세리후르츠,,I2,음식,I212,비알코올 ,I21201,카페,I56221,커피 전문점,11,서울특별시,11200,성동구,11200690,성수2가3동,1120011500,성수동2가,1.12E+18,1,대지,299,187,서울특별시 성동구 성수동2가 299-187,1.12E+11,서울특별시 성동구 아차산로5길,37,1,1.12E+24,,서울특별시 성동구 아차산로5길 37-1,133833,4792,,1,,127.0542504,37.54873343
MA010120220803688938,한화비앤비,,I2,음식,I212,비알코올 ,I21201,카페,I56221,커피 전문점,11,서울특별시,11200,성동구,11200690,성수2가3동,1120011500,성수동2가,1.12E+18,1,대지,280,,서울특별시 성동구 성수동2가 280,1.12E+11,서울특별시 성동구 아차산로17길,48,,1.12E+24,성수SKV1CENTERI,서울특별시 성동구 아차산로17길 48,133832,4799,,3,,127.0658683,37.54638407
MA010120220803573880,브로벨커피,,I2,음식,I212,비알코올 ,I21201,카페,I56221,커피 전문점,11,서울특별시,11200,성동구,11200670,성수2가1동,1120011500,성수동2가,1.12E+18,1,대지,331,123,서울특별시 성동구 성수동2가 331-123,1.12E+11,서울특별시 성동구 뚝섬로,413,,1.12E+24,,서울특별시 성동구 뚝섬로 413,133827,4784,,1,,127.0563926,37.53859574
MA010120220803758820,ONE BEAN카페,,I2,음식,I212,비알코올 ,I21201,카페,I56221,커피 전문점,11,서울특별시,11200,성동구,11200670,성수2가1동,1120011500,성수동2가,1.12E+18,1,대지,310,21,서울특별시 성동구 성수동2가 310-21,1.12E+11,서울특별시 성동구 성수일로4길,45,,1.12E+24,,서울특별시 성동구 성수일로4길 45,133827,4781,,1,,127.0538111,37.54230543
MA010120220803771426,스텀필즈커피,,I2,음식,I212,비알코올 ,I21201,카페,I56221,커피 전문점,11,서울특별시,11200,성동구,11200690,성수2가3동,1120011500,성수동2가,1.12E+18,1,대지,289,319,서울특별시 성동구 성수동2가 289-319,1.12E+11,서울특별시 성동구 성수이로,147,,1.12E+24,아이에스비즈타워,서울특별시 성동구 성수이로 147,133834,4795,,1,,127.057552,37.54806602
MA010120220803767414,도토루커피OS,,I2,음식,I212,비알코올 ,I21201,카페,I56221,커피 전문점,11,서울특별시,11200,성동구,11200670,성수2가1동,1120011500,성수동2가,1.12E+18,1,대지,333,72,서울특별시 성동구 성수동2가 333-72,1.12E+11,서울특별시 성동구 성수일로4길,31,1,1.12E+24,,서울특별시 성동구 성수일로4길 31-1,133827,4781,,1,,127.0521833,37.54216623
MA010120220803750599,Webconey,,I2,음식,I212,비알코올 ,I21201,카페,I56221,커피 전문점,11,서울특별시,11200,성동구,11200690,성수2가3동,1120011500,성수동2가,1.12E+18,1,대지,300,1,서울특별시 성동구 성수동2가 300-1,1.12E+11,서울특별시 성동구 아차산로,113,,1.12E+24,삼진빌딩,서울특별시 성동구 아차산로 113,133834,4794,,8,,127.0568824,37.54462768
MA010120220803768412,카페수다,,I2,음식,I212,비알코올 ,I21201,카페,I56221,커피 전문점,11,서울특별시,11200,성동구,11200690,성수2가3동,1120011500,성수동2가,1.12E+18,1,대지,289,230,서울특별시 성동구 성수동2가 289-230,1.12E+11,서울특별시 성동구 아차산로7길,22,,1.12E+24,,서울특별시 성동구 아차산로7길 22,133834,4794,,1,,127.0550412,37.54704579
MA010120220803776123,팔롬비니카페테리아,,I2,음식,I212,비알코올 ,I21201,카페,I56221,커피 전문점,11,서울특별시,11200,성동구,11200690,성수2가3동,1120011500,성수동2가,1.12E+18,1,대지,277,28,서울특별시 성동구 성수동2가 277-28,1.12E+11,서울특별시 성동구 아차산로15길,19,,1.12E+24,우리더블유타워,서울특별시 성동구 아차산로15길 19,133832,4798,,10,,127.0620525,37.54474094
MA010120220803777088,디엠에스플래닛,,I2,음식,I212,비알코올 ,I21201,카페,I56221,커피 전문점,11,서울특별시,11200,성동구,11200670,성수2가1동,1120011500,성수동2가,1.12E+18,1,대지,322,4,서울특별시 성동구 성수동2가 322-4,1.12E+11,서울특별시 성동구 성수이로14길,14,,1.12E+24,대명케미칼,서울특별시 성동구 성수이로14길 14,133827,4784,,,,127.0568891,37.54140197
MA010120220803773720,카페조이,,I2,음식,I212,비알코올 ,I21201,카페,I56221,커피 전문점,11,서울특별시,11200,성동구,11200690,성수2가3동,1120011500,성수동2가,1.12E+18,1,대지,277,50,서울특별시 성동구 성수동2가 277-50,1.12E+11,서울특별시 성동구 아차산로11길,11,,1.12E+24,동성빌딩,서울특별시 성동구 아차산로11길 11,133712,4797,,,,127.059325,37.5447643
MA010120220803802758,컴퍼니맨,,I2,음식,I212,비알코올 ,I21201,카페,I56229,기타 비알코올 음료점업,11,서울특별시,11200,성동구,11200690,성수2가3동,1120011500,성수동2가,1.12E+18,1,대지,277,40,서울특별시 성동구 성수동2가 277-40,1.12E+11,서울특별시 성동구 성수이로24길,38,,1.12E+24,,서울특별시 성동구 성수이로24길 38,133832,4798,,,,127.0620849,37.5439663
MA010120220803779695,투달러스커피,,I2,음식,I212,비알코올 ,I21201,카페,I56221,커피 전문점,11,서울특별시,11200,성동구,11200690,성수2가3동,1120011500,성수동2가,1.12E+18,1,대지,279,46,서울특별시 성동구 성수동2가 279-46,1.12E+11,서울특별시 성동구 아차산로17길,26,,1.12E+24,규장각빌딩,서울특별시 성동구 아차산로17길 26,133832,4799,,1,,127.064647,37.54450022
MA010120220803739215,Cafelashower,,I2,음식,I212,비알코올 ,I21201,카페,I56221,커피 전문점,11,서울특별시,11200,성동구,11200690,성수2가3동,1120011500,성수동2가,1.12E+18,1,대지,277,97,서울특별시 성동구 성수동2가 277-97,1.12E+11,서울특별시 성동구 아차산로15길,10,,1.12E+24,성원상떼뷰오피스텔,서울특별시 성동구 아차산로15길 10,133727,4798,,,,127.0625862,37.54369095
MA010120220803910348,카페아모렘,,I2,음식,I212,비알코올 ,I21201,카페,I56221,커피 전문점,11,서울특별시,11200,성동구,11200690,성수2가3동,1120011500,성수동2가,1.12E+18,1,대지,299,200,서울특별시 성동구 성수동2가 299-200,1.12E+11,서울특별시 성동구 아차산로7길,29,,1.12E+24,성광빌딩,서울특별시 성동구 아차산로7길 29,133833,4792,,1,,127.0551889,37.54790297
MA010120220804030495,예빈당,,I2,음식,I212,비알코올 ,I21201,카페,I56221,커피 전문점,11,서울특별시,11200,성동구,11200690,성수2가3동,1120011500,성수동2가,1.12E+18,1,대지,315,7,서울특별시 성동구 성수동2가 315-7,1.12E+11,서울특별시 성동구 성수이로,87,,1.12E+24,성문빌딩,서울특별시 성동구 성수이로 87,133835,4782,,1,,127.0561935,37.54272096
MA010120220804113212,피어커피,,I2,음식,I212,비알코올 ,I21201,카페,I56221,커피 전문점,11,서울특별시,11200,성동구,11200690,성수2가3동,1120011500,성수동2가,1.12E+18,1,대지,299,39,서울특별시 성동구 성수동2가 299-39,1.12E+11,서울특별시 성동구 광나루로4가길,24,,1.12E+24,,서울특별시 성동구 광나루로4가길 24,133833,4792,,1,,127.0548592,37.54891852
MA010120220804068500,제이큐리아서티,,I2,음식,I212,비알코올 ,I21201,카페,I56221,커피 전문점,11,서울특별시,11200,성동구,11200690,성수2가3동,1120011500,성수동2가,1.12E+18,1,대지,314,12,서울특별시 성동구 성수동2가 314-12,1.12E+11,서울특별시 성동구 연무장7길,11,,1.12E+24,,서울특별시 성동구 연무장7길 11,133835,4782,,10,,127.0544035,37.54377889
MA010120220804201549,샵힘이나는커피생활,,I2,음식,I212,비알코올 ,I21201,카페,I56221,커피 전문점,11,서울특별시,11200,성동구,11200670,성수2가1동,1120011500,성수동2가,1.12E+18,1,대지,339,136,서울특별시 성동구 성수동2가 339-136,1.12E+11,서울특별시 성동구 뚝섬로,385,40,1.12E+24,,서울특별시 성동구 뚝섬로 385-40,133828,4781,,1,,127.0546501,37.53948285
MA010120220804408977,왕다방,,I2,음식,I212,비알코올 ,I21201,카페,I56111,한식 일반 음식점업,11,서울특별시,11200,성동구,11200690,성수2가3동,1120011500,성수동2가,1.12E+18,1,대지,280,45,서울특별시 성동구 성수동2가 280-45,1.12E+11,서울특별시 성동구 광나루로,296,,1.12E+24,,서울특별시 성동구 광나루로 296,133832,4796,,,,127.0625108,37.54790727
MA010120220804611455,브루잉세레모니,,I2,음식,I212,비알코올 ,I21201,카페,I56229,기타 비알코올 음료점업,11,서울특별시,11200,성동구,11200690,성수2가3동,1120011500,성수동2가,1.12E+18,1,대지,315,27,서울특별시 성동구 성수동2가 315-27,1.12E+11,서울특별시 성동구 연무장5가길,22,1,1.12E+24,,서울특별시 성동구 연무장5가길 22-1,133835,4782,,1,,127.0551229,37.54326204
MA010120220804812409,나루데이타,,I2,음식,I212,비알코올 ,I21201,카페,I56221,커피 전문점,11,서울특별시,11200,성동구,11200670,성수2가1동,1120011500,성수동2가,1.12E+18,1,대지,308,4,서울특별시 성동구 성수동2가 308-4,1.12E+11,서울특별시 성동구 성수일로4길,25,,1.12E+24,서울숲코오롱디지털타워,서울특별시 성동구 성수일로4길 25,133827,4781,,,,127.051851,37.54249695
MA010120220805092354,이트앤드링크,,I2,음식,I212,비알코올 ,I21201,카페,I56221,커피 전문점,11,서울특별시,11200,성동구,11200690,성수2가3동,1120011500,성수동2가,1.12E+18,1,대지,289,224,서울특별시 성동구 성수동2가 289-224,1.12E+11,서울특별시 성동구 성수일로8길,39,1,1.12E+24,,서울특별시 성동구 성수일로8길 39-1,133834,4794,,1,,127.055001,37.54574796
MA010120220805177603,아이오쓰리에이스하이앤드점,,I2,음식,I212,비알코올 ,I21201,카페,I56221,커피 전문점,11,서울특별시,11200,성동구,11200670,성수2가1동,1120011500,성수동2가,1.12E+18,1,대지,269,25,서울특별시 성동구 성수동2가 269-25,1.12E+11,서울특별시 성동구 성수이로10길,14,,1.12E+24,에이스하이엔드성수타워,서울특별시 성동구 성수이로10길 14,133826,4784,,1,,127.0567694,37.54012152
MA010120220805074220,성수정원,,I2,음식,I212,비알코올 ,I21201,카페,I56221,커피 전문점,11,서울특별시,11200,성동구,11200690,성수2가3동,1120011500,성수동2가,1.12E+18,1,대지,315,54,서울특별시 성동구 성수동2가 315-54,1.12E+11,서울특별시 성동구 연무장7길,4,,1.12E+24,해피드림,서울특별시 성동구 연무장7길 4,133835,4782,,2,,127.0545944,37.5429965
MA010120220805428864,마이쥬스,,I2,음식,I212,비알코올 ,I21201,카페,I56229,기타 비알코올 음료점업,11,서울특별시,11200,성동구,11200690,성수2가3동,1120011500,성수동2가,1.12E+18,1,대지,280,,서울특별시 성동구 성수동2가 280,1.12E+11,서울특별시 성동구 아차산로17길,48,,1.12E+24,성수SKV1CENTERI,서울특별시 성동구 아차산로17길 48,133832,4799,,1,,127.0658683,37.54638407
MA010120220805187040,예셰숄,,I2,음식,I212,비알코올 ,I21201,카페,I56221,커피 전문점,11,서울특별시,11200,성동구,11200690,성수2가3동,1120011500,성수동2가,1.12E+18,1,대지,284,21,서울특별시 성동구 성수동2가 284-21,1.12E+11,서울특별시 성동구 성수일로12길,18,1,1.12E+24,,서울특별시 성동구 성수일로12길 18-1,133833,4793,,1,,127.0531119,37.5483729
MA0101202209A0071849,봉봉,,I2,음식,I212,비알코올 ,I21201,카페,I56229,기타 비알코올 음료점업,11,서울특별시,11200,성동구,11200670,성수2가1동,1120011500,성수동2가,1.12E+18,1,대지,331,200,서울특별시 성동구 성수동2가 331-200,1.12E+11,서울특별시 성동구 뚝섬로,404,,1.12E+24,스노화이트성수1,서울특별시 성동구 뚝섬로 404,133827,4776,,1,,127.0553858,37.53856967
MA0101202210A0097590,글리터,,I2,음식,I212,비알코올 ,I21201,카페,I56221,커피 전문점,11,서울특별시,11200,성동구,11200670,성수2가1동,1120011500,성수동2가,1.12E+18,1,대지,538,3,서울특별시 성동구 성수동2가 538-3,1.12E+11,서울특별시 성동구 성수이로,18,,1.12E+24,,서울특별시 성동구 성수이로 18,133828,4776,,1,,127.0541188,37.53675742
MA0101202301A0100200,삼옥,,I2,음식,I212,비알코올 ,I21201,카페,I56221,커피 전문점,11,서울특별시,11200,성동구,11200690,성수2가3동,1120011500,성수동2가,1.12E+18,1,대지,289,272,서울특별시 성동구 성수동2가 289-272,1.12E+11,서울특별시 성동구 아차산로7길,17,1,1.12E+24,,서울특별시 성동구 아차산로7길 17-1,133834,4793,,3,,127.0546493,37.54671828
MA0101202209A0019751,카페리빈,,I2,음식,I212,비알코올 ,I21201,카페,I56221,커피 전문점,11,서울특별시,11200,성동구,11200690,성수2가3동,1120011500,성수동2가,1.12E+18,1,대지,277,61,서울특별시 성동구 성수동2가 277-61,1.12E+11,서울특별시 성동구 아차산로,153,,1.12E+24,예림출판문화센터,서울특별시 성동구 아차산로 153,133832,4798,,1,,127.060994,37.54342601
MA0101202209A0040113,원스카페,,I2,음식,I212,비알코올 ,I21201,카페,I56221,커피 전문점,11,서울특별시,11200,성동구,11200670,성수2가1동,1120011500,성수동2가,1.12E+18,1,대지,336,1,서울특별시 성동구 성수동2가 336-1,1.12E+11,서울특별시 성동구 뚝섬로,390,,1.12E+24,,서울특별시 성동구 뚝섬로 390,133828,4775,,1,,127.0538989,37.5389362
MA0101202212A0014491,유니드,,I2,음식,I212,비알코올 ,I21201,카페,I56221,커피 전문점,11,서울특별시,11200,성동구,11200690,성수2가3동,1120011500,성수동2가,1.12E+18,1,대지,280,21,서울특별시 성동구 성수동2가 280-21,1.12E+11,서울특별시 성동구 광나루로6길,35,,1.12E+24,성수동우림이비즈센터,서울특별시 성동구 광나루로6길 35,133832,4799,,1,,127.0632829,37.54679609
MA0101202301A0000569,퓨엘커피,,I2,음식,I212,비알코올 ,I21201,카페,I56221,커피 전문점,11,서울특별시,11200,성동구,11200690,성수2가3동,1120011500,성수동2가,1.12E+18,1,대지,280,45,서울특별시 성동구 성수동2가 280-45,1.12E+11,서울특별시 성동구 광나루로,296,,1.12E+24,,서울특별시 성동구 광나루로 296,133832,4796,,1,,127.0625108,37.54790727
MA0106202301A0700840,지지지,,I2,음식,I212,비알코올 ,I21201,카페,I56221,커피 전문점,11,서울특별시,11200,성동구,11200690,성수2가3동,1120011500,성수동2가,1.12E+18,1,대지,317,5,서울특별시 성동구 성수동2가 317-5,1.12E+11,서울특별시 성동구 성수이로,96,,1.12E+24,호텔포코(HOTELPOCO),서울특별시 성동구 성수이로 96,133835,4783,,1,,127.0570218,37.5434394
MA0106202301A1511067,디플랜성,수지점,I2,음식,I212,비알코올 ,I21201,카페,I56221,커피 전문점,11,서울특별시,11200,성동구,11200690,성수2가3동,1120011500,성수동2가,1.12E+18,1,대지,299,136,서울특별시 성동구 성수동2가 299-136,1.12E+11,서울특별시 성동구 성수일로12가길,10,,1.12E+24,,서울특별시 성동구 성수일로12가길 10,133833,4792,,1,,127.0528726,37.54939818
MA0106202301A1068017,오마뎅,성수낙낙점,I2,음식,I212,비알코올 ,I21201,카페,I56221,커피 전문점,11,서울특별시,11200,성동구,11200690,성수2가3동,1120011500,성수동2가,1.12E+18,1,대지,280,,서울특별시 성동구 성수동2가 280,1.12E+11,서울특별시 성동구 아차산로17길,48,,1.12E+24,성수SKV1CENTERI,서울특별시 성동구 아차산로17길 48,133832,4799,,1,,127.0658683,37.54638407
MA0106202301A1250977,웻,,I2,음식,I212,비알코올 ,I21201,카페,I56221,커피 전문점,11,서울특별시,11200,성동구,11200690,성수2가3동,1120011500,성수동2가,1.12E+18,1,대지,301,3,서울특별시 성동구 성수동2가 301-3,1.12E+11,서울특별시 성동구 아차산로,66,,1.12E+24,,서울특별시 성동구 아차산로 66,133835,4782,,1,,127.0514264,37.5456382
MA0101202302A0099527,성수한옥,,I2,음식,I212,비알코올 ,I21201,카페,I56221,커피 전문점,11,서울특별시,11200,성동구,11200670,성수2가1동,1120011500,성수동2가,1.12E+18,1,대지,517,6,서울특별시 성동구 성수동2가 517-6,1.12E+11,서울특별시 성동구 성수이로3길,10,1,1.12E+24,,서울특별시 성동구 성수이로3길 10-1,133828,4775,,1,,127.0531241,37.53667736
MA0101202302A0069364,커피사피엔스성수우림점,,I2,음식,I212,비알코올 ,I21201,카페,I56221,커피 전문점,11,서울특별시,11200,성동구,11200690,성수2가3동,1120011500,성수동2가,1.12E+18,1,대지,280,21,서울특별시 성동구 성수동2가 280-21,1.12E+11,서울특별시 성동구 광나루로6길,35,,1.12E+24,성수동우림이비즈센터,서울특별시 성동구 광나루로6길 35,133832,4799,,1,,127.0632829,37.54679609
MA0106202302A2142130,키쿠키앤커피성수,,I2,음식,I212,비알코올 ,I21201,카페,I56221,커피 전문점,11,서울특별시,11200,성동구,11200690,성수2가3동,1120011500,성수동2가,1.12E+18,1,대지,301,12,서울특별시 성동구 성수동2가 301-12,1.12E+11,서울특별시 성동구 연무장3길,9,14,1.12E+24,,서울특별시 성동구 연무장3길 9-14,133835,4782,,1,,127.0515498,37.54482825
MA0101202305A0128635,와이덴,,I2,음식,I212,비알코올 ,I21201,카페,I56221,커피 전문점,11,서울특별시,11200,성동구,11200690,성수2가3동,1120011500,성수동2가,1.12E+18,1,대지,289,211,서울특별시 성동구 성수동2가 289-211,1.12E+11,서울특별시 성동구 성수일로12길,34,,1.12E+24,,서울특별시 성동구 성수일로12길 34,133834,4793,,1,,127.0544351,37.54754553
MA0101202305A0081439,와이704,,I2,음식,I212,비알코올 ,I21201,카페,I56221,커피 전문점,11,서울특별시,11200,성동구,11200690,성수2가3동,1120011500,성수동2가,1.12E+18,1,대지,316,40,서울특별시 성동구 성수동2가 316-40,1.12E+11,서울특별시 성동구 연무장길,39,15,1.12E+24,,서울특별시 성동구 연무장길 39-15,133835,4782,,2,,127.0538773,37.54333316
MA0101202305A0087183,카우,,I2,음식,I212,비알코올 ,I21201,카페,I56221,커피 전문점,11,서울특별시,11200,성동구,11200670,성수2가1동,1120011500,성수동2가,1.12E+18,1,대지,331,56,서울특별시 성동구 성수동2가 331-56,1.12E+11,서울특별시 성동구 뚝섬로7길,6,,1.12E+24,,서울특별시 성동구 뚝섬로7길 6,133827,4784,,1,,127.0566272,37.53883188
MA0101202305A0195863,구테로이테성수센트럴키친,,I2,음식,I212,비알코올 ,I21201,카페,I56221,커피 전문점,11,서울특별시,11200,성동구,11200690,성수2가3동,1120011500,성수동2가,1.12E+18,1,대지,273,19,서울특별시 성동구 성수동2가 273-19,1.12E+11,서울특별시 성동구 연무장13길,9,,1.12E+24,아이템플,서울특별시 성동구 연무장13길 9,133831,4783,,1,,127.0581983,37.54257477
MA0101202306A0092248,그레이덕,,I2,음식,I212,비알코올 ,I21201,카페,I56221,커피 전문점,11,서울특별시,11200,성동구,11200670,성수2가1동,1120011500,성수동2가,1.12E+18,1,대지,235,1,서울특별시 성동구 성수동2가 235-1,1.12E+11,서울특별시 성동구 동일로,41,,1.12E+24,,서울특별시 성동구 동일로 41,133826,4777,,1,,127.060555,37.53692594
MA0101202306A0076871,맥코이커피성수,,I2,음식,I212,비알코올 ,I21201,카페,I56221,커피 전문점,11,서울특별시,11200,성동구,11200690,성수2가3동,1120011500,성수동2가,1.12E+18,1,대지,273,13,서울특별시 성동구 성수동2가 273-13,1.12E+11,서울특별시 성동구 연무장15길,11,,1.12E+24,태광산업,서울특별시 성동구 연무장15길 11,133831,4783,,1,,127.0588855,37.54281453
MA0101202307A0090117,디에떼지앤씨글로벌,,I2,음식,I212,비알코올 ,I21201,카페,I56221,커피 전문점,11,서울특별시,11200,성동구,11200690,성수2가3동,1120011500,성수동2가,1.12E+18,1,대지,300,75,서울특별시 성동구 성수동2가 300-75,1.12E+11,서울특별시 성동구 아차산로7길,3,,1.12E+24,,서울특별시 성동구 아차산로7길 3,133834,4793,,1,,127.0541191,37.54568683
MA0101202307A0090384,호우주의보크로아상,,I2,음식,I212,비알코올 ,I21201,카페,I56221,커피 전문점,11,서울특별시,11200,성동구,11200670,성수2가1동,1120011500,성수동2가,1.12E+18,1,대지,269,202,서울특별시 성동구 성수동2가 269-202,1.12E+11,서울특별시 성동구 성수이로16길,32,,1.12E+24,MG전자,서울특별시 성동구 성수이로16길 32,133826,4785,,2,,127.0599035,37.54014651
MA0101202309A0022962,누와,,I2,음식,I212,비알코올 ,I21201,카페,I56221,커피 전문점,11,서울특별시,11200,성동구,11200670,성수2가1동,1120011500,성수동2가,1.12E+18,1,대지,335,24,서울특별시 성동구 성수동2가 335-24,1.12E+11,서울특별시 성동구 성수이로,34,,1.12E+24,,서울특별시 성동구 성수이로 34,133828,4776,,1,,127.0546898,37.53813159
MA0101202310A0093029,카페소림,,I2,음식,I212,비알코올 ,I21201,카페,I56221,커피 전문점,11,서울특별시,11200,성동구,11200670,성수2가1동,1120011500,성수동2가,1.12E+18,1,대지,323,,서울특별시 성동구 성수동2가 323,1.12E+11,서울특별시 성동구 성수이로,66,,1.12E+24,서울숲드림타워,서울특별시 성동구 성수이로 66,133827,4784,,,,127.0561182,37.5406119
MA0101202309A0088028,커피냅로스터스성수,,I2,음식,I212,비알코올 ,I21201,카페,I56123,서양식 음식점업,11,서울특별시,11200,성동구,11200670,성수2가1동,1120011500,성수동2가,1.12E+18,1,대지,333,9,서울특별시 성동구 성수동2가 333-9,1.12E+11,서울특별시 성동구 성수일로4길,35,11,1.12E+24,잠자리성수,서울특별시 성동구 성수일로4길 35-11,133827,4781,,,,127.0529274,37.54238845
MA0101202310A0043644,도렐 성수점,,I2,음식,I212,비알코올 ,I21201,카페,I56221,커피 전문점,11,서울특별시,11200,성동구,11200690,성수2가3동,1120011500,성수동2가,1.12E+18,1,대지,314,12,서울특별시 성동구 성수동2가 314-12,1.12E+11,서울특별시 성동구 연무장7길,11,,1.12E+24,,서울특별시 성동구 연무장7길 11,133835,4782,,1,,127.0544035,37.54377889
MA0101202311A0065779,오우드 성수,,I2,음식,I212,비알코올 ,I21201,카페,I56221,커피 전문점,11,서울특별시,11200,성동구,11200690,성수2가3동,1120011500,성수동2가,1.12E+18,1,대지,277,46,서울특별시 성동구 성수동2가 277-46,1.12E+11,서울특별시 성동구 성수이로24길,36,,1.12E+24,,서울특별시 성동구 성수이로24길 36,133832,4798,,2,,127.061858,37.54400955
